Faculty Building NO or complex NO.;;;;;;;;;;;;;;;;;;;;;;;;;
;;;;;;;;;;;;;;;;;;;;;;;;;
C;Maximum consumption (per hour):;303.348;kWh;21.06.2021 12-13;;;;;;;;;;;;;;;;;;;;;
;Minimum consumption (per hour):;118.082;kWh;16.06.2021 05-06;;;;;;;;;;;;;;;;;;;;;
;Date / Time;00 till 01 o'clock;01 till 02 o'clock;02 till 03 o'clock;03 till 04 o'clock;04 till 05 o'clock;05 till 06 o'clock;06 till 07 o'clock;07 till 08 o'clock;08 till 09 o'clock;09 till 10 o'clock;10 till 11 o'clock;11 till 12 o'clock;12 till 13 o'clock;13 till 14 o'clock;14 till 15 o'clock;15 till 16 o'clock;16 till 17 o'clock;17 till 18 o'clock;18 till 19 o'clock;19 till 20 o'clock;20 till 21 o'clock;21 till 22 o'clock;22 till 23 o'clock;23 till 24 o'clock
;01.06.2021;133.846;133.202;132.116;132.454;130.52;129.168;132.544;174.722;200.758;217.876;222.454;219.998;213.722;209.008;207.854;205.73;198.082;185.41;181.348;177.208;170.448;168.482;137.042;136.874
;02.06.2021;133.27;136.634;132.74;127.8;128.666;124.65;126.196;169.072;191.014;214.776;218.998;215.486;215.936;220.032;221.35;216.806;201.582;188.906;189.398;177.464;175.006;166.372;136.45;134.66
;03.06.2021;130.194;131.412;133.262;132.144;131.674;129.004;133.916;175.202;198.556;212.732;216.442;228.99;223.736;223.204;221.386;213.89;207.534;197.262;193.738;195.562;185.598;175;143.888;137.388
;04.06.2021;139.734;138.45;137.748;135.732;131.368;131.09;133.466;170.78;194.146;199.334;215.262;224.32;224.488;219.424;221.784;216.992;208.534;206.442;206.144;199.328;189.966;174.64;141.482;136.074
;05.06.2021;134.606;135.836;138.474;136.186;136.938;134.57;137.718;171.472;185.052;175.398;179.662;184.436;182.476;178.224;179.96;177.748;140.02;131.1;129.38;127.808;127.546;123.642;125.948;127.664
;06.06.2021;129.084;127.07;127.494;129.362;128.598;121.494;121.094;122.598;128.308;120.598;123.606;122.788;125.102;127.726;126.146;127.674;129.73;134.902;129.108;129.68;128.298;124.952;123.328;124.522
;07.06.2021;129.392;129.902;130.974;131.076;130.566;124.212;131.46;163.856;187.888;202.366;219.478;221.088;227.294;224.324;222.912;217.49;210.05;208.956;204.95;200.642;190.29;172.768;134.67;130.912
;08.06.2021;132.248;129.718;132.336;131.304;125.668;122.936;124.866;163.454;179.754;197.842;207.516;212.908;203.96;211.236;209.5;207.306;198.334;199.57;196.12;188.192;175.154;163.798;128.57;129.766
;09.06.2021;128.178;129.372;130.034;129.942;128.38;126.798;128.988;165.774;180.924;198.212;204.382;203.242;208.058;203.846;197.998;201.826;202.194;198.412;198.716;188.626;173.962;164.564;130.9;124.936
;10.06.2021;126.942;126.938;131.474;126.198;123.878;122.618;120.922;168.76;174.936;195.68;208.43;213.19;223.556;239.11;238.852;238.062;230.87;227.306;217.856;209.658;190.748;178.248;136.048;128.068
;11.06.2021;125.656;128.318;128.524;128.802;126.51;124.264;127.442;166.39;190.852;222.058;241.142;246.336;245.076;250.914;237.246;213.112;209.994;223.994;221.228;219.774;202.072;189.828;135.944;127.818
;12.06.2021;130.462;128.924;127.656;128.676;122.598;122.522;125.986;161.676;175.476;184.018;199.424;208.716;209.04;206.726;204.194;182.902;135.228;125.738;130.564;126.964;124.014;125.086;127.064;126.276
;13.06.2021;126.458;126.918;127.226;128.468;125.428;121.6;120.62;124.778;122.286;122.224;120.906;121.766;122.082;128.2;128.194;129.152;130.23;128.832;126.468;125.758;126.212;124.136;126.98;132.058
;14.06.2021;127.512;126.766;127.85;126.444;122.41;119.164;124.006;168.786;181.884;204.802;213.602;214.992;220.246;220.484;222.328;222.626;222.908;218.722;218.206;215.032;197.678;182.304;130.454;126.264
;15.06.2021;125.862;124.042;127.212;128.422;127.718;124.48;126.716;172.308;193.028;208.346;218.05;214.41;224.564;230.32;237;226.418;211.33;207.096;193.584;184.694;175.284;168.404;130.824;125.208
;16.06.2021;123.582;131.098;123.532;121.826;118.284;118.082;119.282;171.234;189.664;207.906;199.754;210.152;211.274;221.528;233.71;233.056;221.056;217.082;215.296;209.732;201.46;188.488;135.768;130.57
;17.06.2021;127.718;130.026;131.936;127.514;132.1;127.832;130.842;177.034;202.302;226.676;235.006;243.352;242.384;249.988;250.072;249.14;242.062;232.954;231.538;226.118;213.99;204.842;140.892;132.556
;18.06.2021;133.9;131.772;131.096;132.29;126.342;124.942;125.652;171.836;201.518;231.9;243.434;247.346;255.46;264.4;266.332;258.134;267.402;261.174;254.718;247.58;236.824;222.114;148.166;136.42
;19.06.2021;134.724;131.486;129.818;134.67;131.998;133.036;136.762;186.26;226.776;247.724;260.97;266.118;269.004;268.116;266.658;261.51;178.518;162.51;158.564;156.126;154.81;151.65;144.424;141.036
;20.06.2021;137.702;142.902;140.412;137.236;134.336;134.848;131.066;137.192;141.42;145.324;150.794;153.452;156.054;157.442;161.246;161.342;161.534;163.496;160.256;158.716;159.374;156.634;148.506;144.93
;21.06.2021;144.662;145.754;143.396;142.42;140.238;132.696;138.284;228.792;285.124;292.22;303.01;246.564;303.348;266.538;286.828;282.07;276.292;275.618;269.29;265.76;252.738;241.45;156.698;145.164
;22.06.2021;142.79;141.146;137.84;137.176;128.962;133.338;136.31;184.034;220.704;243.928;256.456;269.55;270.138;266.926;263.566;263.99;262.662;251.072;249.804;254.77;242.604;230.076;149.898;142.612
;23.06.2021;139.91;137.878;136.346;135.266;132.408;131.216;135.154;188.78;208.404;153.972;148.02;146.016;146.272;149.728;149.616;150.186;150.268;151.968;148.074;149.622;148.786;145.362;139.154;138.708
;24.06.2021;137.792;136.184;132.138;131.828;123.748;126.66;126.31;163.3;169.704;135.748;128.602;132.238;132.666;134.344;135.28;138.142;137.356;140.242;142.014;140.338;136.966;133.686;127.552;128.756
;25.06.2021;128.022;129.294;126.812;128.208;128.512;126.114;126.804;166.912;176.222;139.27;134.304;133.942;132.638;132.504;133.234;132.672;137.536;141.298;139.542;137.818;138.838;134.99;129.576;132.78
;26.06.2021;131.792;133.024;173;173.916;168.48;166.132;164.676;165.97;173.034;184.314;185.492;189.832;200.136;203.386;199.182;198.198;202.23;200.702;202.584;198.33;137.094;128.018;129.408;125.584
;27.06.2021;124.37;125.202;122.496;123.288;126.34;121.814;124.91;124.82;129.914;128.544;128.132;131.298;129.092;130.83;135.804;133.628;135.034;134.35;132.002;132.034;130.914;132.43;128.794;128.638
;28.06.2021;130.064;169.606;173.298;171.562;166.332;165.268;167.808;172.98;192.812;218.396;226.062;237.956;232.696;236.622;238.992;235.272;226.23;223.676;214.574;206.766;204.744;190.508;136.436;133.096
;29.06.2021;129.352;128.548;131.684;128.862;130.38;167.638;179.8;182.204;206;230.5;237.602;239.3;235.756;245.828;237.15;240.934;228.188;226.096;217.166;212.868;205.884;194.438;140.364;132.382
;30.06.2021;132.704;132.99;130.048;129.708;124.612;154.064;167.988;181.494;207.3;226.902;239.114;242.096;238.058;245.92;260.404;254.846;244.028;234.858;229.88;224.934;221.268;209.002;141.066;133.178
;;;;;;;;;;;;;;;;;;;;;;;;;
;;;;;;;;;;;;;;;;;;;;;;;;;
;;;;;;;;;;;;;;;;;;;;;;;;;
B;Maximum consumption (per hour):;230.61;kWh;21.06.2021 13-14;;;;;;;;;;;;;;;;;;;;;
;Minimum consumption (per hour):;92.526;kWh;27.06.2021 06-07;;;;;;;;;;;;;;;;;;;;;
;Date / Time;00 till 01 o'clock;01 till 02 o'clock;02 till 03 o'clock;03 till 04 o'clock;04 till 05 o'clock;05 till 06 o'clock;06 till 07 o'clock;07 till 08 o'clock;08 till 09 o'clock;09 till 10 o'clock;10 till 11 o'clock;11 till 12 o'clock;12 till 13 o'clock;13 till 14 o'clock;14 till 15 o'clock;15 till 16 o'clock;16 till 17 o'clock;17 till 18 o'clock;18 till 19 o'clock;19 till 20 o'clock;20 till 21 o'clock;21 till 22 o'clock;22 till 23 o'clock;23 till 24 o'clock
;01.06.2021;104.392;103.774;103.25;103.266;103.106;102.25;106.618;142.19;158.29;184.296;186.602;198.79;203.304;208.014;196.584;187.234;173.082;158.048;149.39;122.568;125.404;123.348;113.49;113.462
;02.06.2021;113.106;112.32;112.132;111.986;111.388;110.886;113.61;149.022;158.768;192.618;208.294;197.19;195.446;206.348;201.572;178.434;160.982;143.972;132.902;109.432;108.14;105.918;102.404;104.358
;03.06.2021;101.566;101.458;101.406;99.416;100.362;99.378;103.686;141.528;158.74;185.176;200.46;200.362;198.02;191.95;183.402;179.266;166.69;154.198;140.672;113.546;106.468;103.758;104.64;100.568
;04.06.2021;100.168;100.208;100.13;99.72;98.972;98.362;101.51;138.988;155.432;188.292;193.098;184.292;187.706;187.22;184.442;174.35;164.974;146.01;136.368;108.386;104;102.534;100.448;99.118
;05.06.2021;98.782;97.406;97.07;96.424;95.84;94.936;95.456;95.554;97.372;97.748;99.72;100.472;99.49;98.396;98.15;97.414;96.746;99.196;98.038;97.116;96.87;96.484;96.794;96.044
;06.06.2021;96.508;95.872;95.882;94.448;93.862;94.038;94;94.56;94.712;95.124;94.972;95.43;95.618;95.36;95.522;95.826;96.828;98.148;98.546;97.658;97.71;97.376;95.86;96.592
;07.06.2021;96.06;94.888;94.938;95.39;94.048;93.62;98.348;133.846;155.372;188.222;192.322;198.718;196.064;200.358;196.12;182.55;167.526;156.51;143.782;112.674;107.336;103.334;103.81;99.854
;08.06.2021;100.17;99.258;97.91;96.57;95.986;95.556;100.924;133.918;154.386;186.932;191.062;187.684;190.72;192.664;181.464;175.74;157.28;141.214;134.234;108.384;106.284;105.4;103.216;105.408
;09.06.2021;100.32;99.864;99.26;98.252;95.848;96.752;100.856;134.282;159.666;187.09;193.772;191.946;192.316;194.488;199.006;183.28;168.592;148.588;144.66;112.306;106.176;104.206;102.294;100.988
;10.06.2021;100.172;99.81;99.294;99.758;97.6;98.856;101.122;135.158;165.184;189.542;199.782;201.866;206.082;209.148;197.882;195.438;183.902;153.63;137.334;115.224;105.274;104.53;100.97;100.126
;11.06.2021;99.96;100.12;99.412;98.14;97.122;96.98;101.338;135.582;162.328;185.332;198.384;193.138;195.146;191.656;178.074;167.478;164.244;149.422;137.966;111.148;105.852;103.066;99.816;99.32
;12.06.2021;100.584;100.35;97.684;96.254;95.4;94.642;95.56;96.276;98.3;98.626;100.182;101.838;101.482;99.87;98.16;98.45;97.084;98.362;98.712;98.478;95.984;96.55;96.9;96.38
;13.06.2021;96.266;95.868;95.246;94.598;94.768;94.912;93.762;95.198;95.612;94.83;94.592;95.29;94.906;95.75;95.646;95.832;95.556;97.516;97.642;98.58;98.3;96.66;95.956;95.93
;14.06.2021;96.472;95.388;96.574;95.5;94.992;94.326;99.016;133.194;154.124;184.034;198.194;199.372;202.568;197.234;193.456;188.3;174.976;150.892;139.238;113.872;113.046;107.26;102.476;102.224
;15.06.2021;101.986;101.864;100.384;99.416;98.758;98.47;102.594;137.964;155.786;182.014;184.968;190.754;203.222;203.874;194.738;184.112;173.72;153.794;134.944;114.412;114.018;107.782;104.782;104.73
;16.06.2021;102.9;102.636;100.61;99.38;98.272;98.258;99.184;135.21;160.06;184.66;196.754;194.12;198.012;206.532;202.448;189.548;180.446;155.688;147.586;116.232;115.418;112.652;106.556;105.54
;17.06.2021;105.022;104.118;104.822;102.646;101.644;100.934;103.008;142.704;168.862;198.776;182.164;187.768;185.172;218.77;214.576;204.412;192.338;176.094;162.826;118.896;116.776;112.93;107.93;106.642
;18.06.2021;105.512;105.238;104.938;104.832;104.054;102.81;106.326;152.124;180.47;207.934;200.182;224.48;223.386;220.194;219.076;212.732;201.786;181.894;163.482;160.684;152.42;146.982;106.656;105.2
;19.06.2021;105.034;104.146;103.584;131.942;126.18;125.14;130.588;152.904;175.136;192.83;196.68;189.71;190.572;185.806;167.792;122.828;119.154;120.456;115.656;113.984;110.784;106.33;106.132;104.082
;20.06.2021;103.112;103.764;102.436;101.908;101.352;100.782;101.358;103.352;104.2;105.046;105.824;107.356;107.23;107.684;107.476;109.242;109.47;110.25;111.162;109.152;107.878;105.51;105.2;104.7
;21.06.2021;103.892;103.708;103.422;136.268;141.606;141.37;145.298;136.698;149.958;207.364;223.026;228.146;230.398;230.61;215.424;215.612;199.8;188.4;167.86;161.216;156.088;153.932;108.25;105.676
;22.06.2021;105.274;105.38;104.436;132.25;132.798;133.306;136.562;154.14;174.04;199.328;218.918;214.012;208.616;201.302;176.21;159.83;155.768;145.724;110.97;108.686;104.088;101.896;103.964;102.544
;23.06.2021;97.826;97.466;96.99;96.58;95.474;95.88;96.374;99.838;101.234;126.132;126.688;127.45;128.504;128.102;128.584;130.286;129.668;102.946;102.108;101.782;100.836;99.526;97.544;97.784
;24.06.2021;97.326;96.21;96.188;96.216;95.112;95.154;94.868;98.09;98.17;121.958;125.384;127.928;129.07;129.126;129.858;131.17;128.464;100.61;101.552;100.57;96.952;97.464;96.528;96.816
;25.06.2021;94.912;95.574;94.996;95.398;93.034;93.384;93.97;98.166;97.334;121.642;123.704;123.416;124.45;123.65;124.148;123.786;125.528;99.078;97.926;97.584;97.7;95.632;95.06;95.586
;26.06.2021;95.166;95.02;94.506;94.03;92.736;93.094;92.958;94.402;94.836;95.78;97.118;95.76;96.56;96.906;97.312;96.134;96.7;99.206;100.688;98.374;95.466;95.232;94.828;94.494
;27.06.2021;94.19;93.948;93.58;93.21;93.376;93.51;92.526;93.6;94.492;94.552;95.18;94.928;95.102;95.412;96.204;96.154;97.966;98.242;97.448;96.774;96.174;95.48;93.98;94.208
;28.06.2021;94.134;93.66;94.23;118.352;119.398;119.366;119.376;135.12;159.114;195.69;209.974;208.626;210.696;208.852;211.552;203.612;198.144;188.444;169.018;160.398;166.864;163.728;154.54;152.14
;29.06.2021;112.688;110.92;110.978;139.628;146.978;146.73;151.488;163.44;177.594;207.726;216.028;216.856;215.634;217.124;212.028;205.272;195.34;179.37;167.006;158.646;157.328;159.788;153.906;114.188
;30.06.2021;113.066;112.69;112.73;140.792;139.702;137.334;142.03;169.928;185.13;207.684;207.166;217.668;226.434;222.55;221.458;223.898;218.876;191.92;185.284;180.166;173.97;174.488;171.246;130.888
;;;;;;;;;;;;;;;;;;;;;;;;;
;;;;;;;;;;;;;;;;;;;;;;;;;
;;;;;;;;;;;;;;;;;;;;;;;;;
E;Maximum consumption (per hour):;360.7276;kWh;30.06.2021 09-10;;;;;;;;;;;;;;;;;;;;;
;Minimum consumption (per hour):;52.6532;kWh;27.06.2021 14-15;;;;;;;;;;;;;;;;;;;;;
;Date / Time;00 till 01 o'clock;01 till 02 o'clock;02 till 03 o'clock;03 till 04 o'clock;04 till 05 o'clock;05 till 06 o'clock;06 till 07 o'clock;07 till 08 o'clock;08 till 09 o'clock;09 till 10 o'clock;10 till 11 o'clock;11 till 12 o'clock;12 till 13 o'clock;13 till 14 o'clock;14 till 15 o'clock;15 till 16 o'clock;16 till 17 o'clock;17 till 18 o'clock;18 till 19 o'clock;19 till 20 o'clock;20 till 21 o'clock;21 till 22 o'clock;22 till 23 o'clock;23 till 24 o'clock
;01.06.2021;65.3984;64.818;64.9224;66.074;66.0424;62.9708;69.896;144.1264;151.6868;196.7904;209.508;192.6124;185.3184;176.6336;187.84;180.1684;172.878;159.0388;125.3972;118.7996;106.6772;98.7068;74.704;71.4196
;02.06.2021;72.6996;75.7756;79.28;78.4964;80.0396;77.0664;85.23;137.7088;151.2948;202.8748;210.6524;208.4712;189.306;192.1744;170.558;185.7792;183.3036;162.1264;106.6672;113.022;105.918;96.3616;66.9764;73.6696
;03.06.2021;66.8684;66.1664;69.402;70.9976;67.3976;68.2396;83.652;138.02;185.3244;226.62;225.7732;218.0592;205.8596;207.4604;202.9604;200.508;195.7056;181.3352;109.3712;105.754;113.096;101.088;68.9896;65.9392
;04.06.2021;67.64;68.4876;65.6444;68.3568;65.6584;63.03;73.9344;133.042;187.7296;220.324;226.9416;226.1204;215.6348;198.3856;190.132;193.1948;175.478;160.1668;105.8372;94.828;95.952;86.3528;66.1664;61.2664
;05.06.2021;65.8432;68.2976;64.7096;64.192;63.934;64.1388;64.1464;77.0316;77.4844;114.706;115.402;110.8996;101.1704;105.8264;106.4816;106.5884;95.716;77.3876;72.4576;60.9424;62.4256;59.0164;65.576;63.3692
;06.06.2021;68.308;62.0904;61.0748;63.092;63.0796;59.5284;64.1904;62.1304;63.3776;54.0172;53.3652;60.6092;58.9472;55.136;56.5784;61.1172;59.5812;56.786;63.932;64.7424;57.5016;55.2408;58.5548;61.9676
;07.06.2021;59.28;59.9276;59.9488;61.98;61.4304;60.988;66.8568;130.872;172.2872;212.2264;223.5092;217.5908;212.7596;203.5756;208.1296;207.0424;217.8952;244.6068;172.1128;154.1328;147.4744;125.6896;63.614;60.6564
;08.06.2021;61.6088;63.4228;61.298;63.8828;58.6612;60.2732;66.1148;142.9784;212.4768;280.6056;290.0248;278.6464;254.0936;250.934;252.3764;245.7416;229.9636;224.918;144.9744;146.1312;130.7372;113.4972;68.828;63.8812
;09.06.2021;63.07;67.248;62.738;67.422;62.6336;63.76;74.4836;152.7068;201.2908;245.55;261.2216;254.652;251.3996;257.3368;248.4196;250.6988;239.8116;225.082;164.5256;144.202;138.6096;115.6048;67.9376;61.752
;10.06.2021;62.9624;61.0372;62.7468;65.8164;63.462;61.8064;85.468;140.608;201.6696;253.536;280.2312;297.4156;272.9668;268.7476;256.7256;253.66;244.4968;219.0552;152.3188;149.3352;132.9288;121.2204;66.9804;61.3328
;11.06.2021;62.6668;62.1876;62.9236;62.612;61.9344;59.9988;73.7852;154.7652;228.1132;294.652;296.0908;295.1964;283.12;275.6284;267.224;239.3192;222.2124;212.4896;148.108;150.3284;141.3796;127.9432;72.1;66.7176
;12.06.2021;64.662;65.1868;66.9228;66.2516;63.8376;65.0808;74.0524;83.0368;76.334;143.7212;154.6928;164.5332;152.8668;149.9992;147.4744;127.2576;126.2616;69.4388;64.73;59.0176;62.3736;58.4304;63.266;65.5676
;13.06.2021;68.5364;66.1224;67.2924;68.6448;69.0504;62.3204;60.1932;63.6692;68.5752;64.8188;71.4116;76.2296;70.726;67.1816;65.7724;65.7116;65.0744;66.4992;67.55;69.5972;70.2136;70.6604;69.0108;70.5836
;14.06.2021;68.3528;70.0852;72.6828;70.648;67.7648;67.4744;78.8056;151.868;181.7292;217.4504;224.7644;227.0532;214.8432;209.6848;211.3832;202.236;193.886;179.7888;137.7956;136.018;134.6976;119.9976;67.1968;69.3256
;15.06.2021;64.4716;74.5616;68.3244;72.0208;68.9612;72.6492;101.7776;143.9268;183.8324;228.7156;244.9172;252.7088;261.2648;263.5284;260.0928;244.67;232.7636;198.2852;142.3968;134.2604;126.6992;103.8484;74.9764;70.662
;16.06.2021;71.244;75.23;76.1084;76.5628;67.9512;58.9748;94.762;151.8576;193.9864;234.914;253.5684;252.5092;245.7944;235.4904;231.4288;237.1444;217.8668;205.5808;138.6448;134.788;129.862;112.9952;67.2904;69.788
;17.06.2021;66.4312;67.8968;68.7848;67.8084;67.984;67.956;87.052;150.9296;210.3468;271.5392;288.3828;299.1132;302.372;295.3928;284.8844;280.3596;256.0188;227.2664;162.0648;153.0936;144.9028;129.0632;79.2668;68.0032
;18.06.2021;66.6412;65.7664;68.6904;66.5324;62.3376;64.7996;80.3244;158.5664;234.2176;305.7956;330.0372;329.322;311.708;314.818;307.1704;300.6384;286.6352;261.3232;177.4744;173.9812;162.7096;143.8256;74.6956;69.1224
;19.06.2021;71.116;62.0156;66.0048;68.3152;61.7792;70.0672;84.0136;99.8512;121.88;226.0516;237.8636;214.6072;206.2492;196.6628;194.872;196.5216;184.6616;94.1568;82.9212;69.1968;60.478;60.8188;59.558;59.7872
;20.06.2021;62.676;61.51;62.4856;63.8168;58.6328;58.4068;63.8716;61.0888;61.46;63.0268;62.3556;58.9432;60.302;55.434;55.7996;56.8772;55.8788;58.2904;59.7936;58.23;62.1576;60.3076;59.1172;63.7844
;21.06.2021;64.9312;65.412;62.798;64.4364;63.6732;61.2348;70.1824;165.1844;269.7896;316.5444;327.644;324.9276;315.492;322.9584;326.2472;322.27;319.5148;308.5564;170.4548;159.0696;152.8904;146.2476;63.3772;57.1476
;22.06.2021;59.1628;58.3444;59.0744;58.6276;56.3672;55.1176;59.178;147.5556;193.2824;210.7;298.1108;302.89;298.3988;298.0604;290.2964;285.1524;287.1896;280.6676;153.4792;158.982;154.3988;145.6672;62.4064;58.396
;23.06.2021;58.32;58.4328;59.5732;59.1704;56.0652;55.2164;58.8744;155.898;179.484;182.2568;179.632;170.978;165.5812;163.418;166.0212;169.3616;167.5004;167.0144;147.8704;146.6432;146.8696;139.2692;63.1712;59.1116
;24.06.2021;58.8712;58.9608;59.1104;59.2248;56.7492;55.7252;58.7304;133.8696;161.0632;179.0508;186.5588;181.2484;181.4736;176.49;175.1584;177.2556;162.2456;162.0496;144.5616;152.1216;153.7272;144.1524;65.986;58.8268
;25.06.2021;59.1864;59.4464;59.2752;59.818;57.5388;55.9616;58.8928;117.198;158.928;174.6144;183.424;187.1768;186.8216;185.9896;186.2856;187.7008;183.298;176.1756;159.4084;156.0132;154.7804;152.1824;65.8148;60.8972
;26.06.2021;60.9552;60.2956;60.5608;59.874;59.2524;57.0652;56.6628;61.3308;61.7284;115.0468;138.5772;144.8856;135.9428;132.9228;136.306;134.9652;136.696;67.0084;60.2784;56.396;56.2964;56.4516;57.3568;59.1144
;27.06.2021;57.8208;57.8296;58.0484;58.0504;56.1424;55.3048;54.0368;53.8832;55.1228;55.1752;55.0564;57.0516;55.9172;53.4684;52.6532;53.788;53.9872;54.0516;54.238;55.5004;55.0968;55.3856;56.2104;57.9172
;28.06.2021;58.3528;57.978;58.0652;58.0768;56.6096;55.0588;75.9964;162.6868;197.044;219.7872;319.0916;330.0724;322.9624;307.4096;310.5036;300.852;295.644;277.7904;172.824;166.9376;151.1772;140.7504;74.9224;64.6148
;29.06.2021;64.9644;66.2064;63.5152;64.6524;62.7836;62.6924;87.098;163.8104;273.6796;345.714;338.0572;324.8904;322.8156;327.1196;318.8352;311.7376;296.9208;286.2324;180.676;165.0228;152.9876;143.2568;86.7408;77.376
;30.06.2021;80.3232;76.2344;74.5416;72.452;69.492;70.3912;90.5568;183.5648;306.3612;360.7276;345.0012;340.88;326.258;325.2208;319.3848;315.8428;303.4112;296.1992;182.1524;181.3644;171.15;142.09;79.2108;82.0164
;;;;;;;;;;;;;;;;;;;;;;;;;
;;;;;;;;;;;;;;;;;;;;;;;;;
;;;;;;;;;;;;;;;;;;;;;;;;;
D;Maximum consumption (per hour):;118.46;kWh;21.06.2021 16-17;;;;;;;;;;;;;;;;;;;;;
;Minimum consumption (per hour):;14.54;kWh;25.06.2021 05-06;;;;;;;;;;;;;;;;;;;;;
;Date / Time;00 till 01 o'clock;01 till 02 o'clock;02 till 03 o'clock;03 till 04 o'clock;04 till 05 o'clock;05 till 06 o'clock;06 till 07 o'clock;07 till 08 o'clock;08 till 09 o'clock;09 till 10 o'clock;10 till 11 o'clock;11 till 12 o'clock;12 till 13 o'clock;13 till 14 o'clock;14 till 15 o'clock;15 till 16 o'clock;16 till 17 o'clock;17 till 18 o'clock;18 till 19 o'clock;19 till 20 o'clock;20 till 21 o'clock;21 till 22 o'clock;22 till 23 o'clock;23 till 24 o'clock
;01.06.2021;16.54;16.16;16.24;15.72;16.14;15.02;15.02;17.82;26.38;29.62;31.26;44.16;39.74;46.26;42.48;45.86;43.74;43;32.88;29.94;27.62;20.94;18.7;18.68
;02.06.2021;17.6;17.72;17.58;17.82;17.42;16.56;16.52;18.3;36.52;39.32;48.02;44.7;55.72;52.78;51.62;51.72;48.38;54.58;39.8;34.88;27.12;19.56;17.86;17.42
;03.06.2021;16.8;16.58;16.94;16.66;15.94;15.94;15.68;18.2;38.78;34.24;42.22;54.2;56.82;58.04;57.66;44.52;46.98;39.76;35.78;34.2;32.1;24.54;20.08;18.82
;04.06.2021;18.08;18.24;18.4;18.84;18.06;17.24;17.46;19.6;45.48;45.44;49.12;53.52;60.38;58.12;66.02;66.02;65.14;60.92;43.26;36.9;33.12;23.44;18.76;18.6
;05.06.2021;18.28;17.34;16.42;16.4;16.02;15.7;15.54;16.5;40.98;32.52;38.14;45.46;41.9;34.14;17.46;16.92;17.58;17.96;17.94;17.8;17.06;15.92;15.8;16.14
;06.06.2021;16.04;16.24;16.34;16.22;15.86;15.32;15.04;15.26;14.94;16.5;15.74;15.74;15.74;16.2;16.3;16.8;17.24;16.98;16.58;16.22;15.8;16.1;16.02;16.64
;07.06.2021;16.14;16.82;16.22;16.38;16;15.34;15.52;18.84;46.08;42.32;58.46;61.76;63.64;68.3;72.98;79.5;78.76;70.76;44.26;44.82;38.1;23.96;18.62;18.88
;08.06.2021;17.8;17.52;17.58;17.08;16.52;16.62;16.54;20.46;49.12;43.32;54.32;60.62;58.72;62.24;60.5;61.74;63.72;61.54;34.98;33.7;30.46;21.24;17.8;17.02
;09.06.2021;16.9;17.16;17.14;16.04;16.64;15.66;15.72;19.8;46.18;41.44;46.64;55.4;59.1;63.9;64.48;66.74;69.68;72.72;44.6;40.74;33.78;25.06;18.18;17.82
;10.06.2021;17.56;17.26;16.84;16.88;16.2;16.14;16.04;20.46;48.68;45.56;60.22;73.02;83.96;81.22;75.26;75.66;77.02;77.44;41.28;35.98;34.22;25.8;18.42;18.58
;11.06.2021;17.98;17.22;17.32;17.3;17.3;17.06;16.7;21.4;52;56.26;73.24;79;77.24;75.7;73.9;76.44;74.1;75.68;45.96;40.98;36.02;27.16;27.16;26.14
;12.06.2021;17.26;16.88;16.2;16.7;15.88;16.24;15.98;15.76;43.06;40.02;51.28;54.82;59.5;37.14;16.82;16.02;16.02;16.62;16;15.84;16.82;17.76;18.14;17.96
;13.06.2021;16.3;16.2;16.2;16.66;15.62;15.18;15.2;16.24;17.54;16.72;15.66;16.9;16.88;17.42;16.52;17.32;16.7;18.18;17.42;17.4;17.34;17.62;16.94;17.34
;14.06.2021;16.26;16.32;16.52;16.02;15.56;15.16;15.52;18.66;26.54;34.98;53.3;57.72;61.48;70.26;74.38;78.92;77.18;72.1;47.18;42.02;41.66;31.12;20.02;17.56
;15.06.2021;16.36;16.92;16.5;16.38;15.7;15.36;16.02;20.18;40.48;37.2;48.74;58.78;60.4;77;78.92;80.38;81.94;76.16;44.06;40.3;37.38;22.16;18.86;18.84
;16.06.2021;18.46;17;17.22;17.26;16.5;16.04;16.76;20.12;26.96;46.76;50.56;56.78;65.14;69.5;73.06;73.92;70.14;66.02;49.54;38.48;34.92;22.56;18.32;18.28
;17.06.2021;17.2;17.24;17.12;17.38;16.48;15.92;16.02;20.38;50.06;57.1;67.5;74.08;77.94;84.46;84.66;84.22;79.8;82.56;45.24;38.58;38.52;28.04;18.28;18.28
;18.06.2021;17.2;17.34;16.94;17.22;16.4;16.14;16.44;19.84;64.36;62.38;79.42;87.64;84.94;97.34;93.44;89.38;84.62;82.98;41.62;35.98;33.1;24.64;19.98;19.42
;19.06.2021;17.48;17.16;16.06;16.1;15.56;14.9;15.44;15.94;61.14;63.84;74.58;75.06;74.8;42.56;18.66;19.28;19.06;17.5;17.76;19.6;17.26;16.06;16.3;17.38
;20.06.2021;17.42;16.68;16.44;16.44;15.8;15.78;15.96;16.5;16.02;16.36;16.24;16.5;16.06;16.64;16.68;16.96;16.3;16.56;16.38;16.34;16.14;16.48;17.42;17.48
;21.06.2021;17.2;17;16.66;16.5;16.54;16.1;15.78;19.18;92.72;93.48;104.18;102.16;104.82;108.56;106.8;114.78;118.46;114.42;48.2;37.48;36.64;25.34;18.42;17.76
;22.06.2021;18.22;18.26;17.56;17.36;16.94;17;17.48;20.14;95.12;95.66;100.54;104;108.62;112.3;109.86;107.86;105.98;100.98;42.04;30.62;28.94;20.12;16.12;16.34
;23.06.2021;16.32;16.06;16.94;16.22;15.58;15.22;15.86;19.38;94.66;101.22;94.64;93.52;90.44;84.18;89.24;91.76;92.86;90.12;41.84;29.2;28.46;20.26;16.68;16.14
;24.06.2021;15.86;16.16;16.24;15.88;15.52;15.46;15.34;17.96;71.06;71.08;74.28;75.46;77.28;81.6;83.56;84.36;86;89.34;37.38;29.6;28.54;20.6;16.18;15.48
;25.06.2021;15.6;15.46;15.6;15.66;14.66;14.54;14.76;19.06;74.28;75.5;78.74;80.74;80.94;80.64;80.02;80.02;79.52;76.84;35.56;30.4;29.34;21.36;16.06;15.88
;26.06.2021;15.58;15.88;15.88;15.52;15.2;14.82;15.68;15.32;52.52;54.2;59.84;62.46;60.7;43.86;16.82;16.32;17.3;16.72;17.24;17.26;17.48;15.92;15.98;16.12
;27.06.2021;16.32;16.46;15.92;15.64;15.3;15.64;15.02;15.7;16.1;15.68;15.36;15.6;15.52;16.28;16.24;15.56;15.52;16.54;17.12;16.1;16.06;16.02;17.14;16.7
;28.06.2021;15.86;15.74;15.32;16.32;15.72;14.78;15.7;18.42;73.04;69.76;72.62;77.06;81.28;79.96;79.96;77.22;76.46;75.56;37.18;30.98;29.4;20.28;15.3;16.68
;29.06.2021;17.06;16.36;15.4;15.54;15.6;15.96;14.62;18.54;76.08;73.52;69.94;78.64;79.5;83.68;83.76;85.42;85.14;80.14;39.08;32.2;29.78;20.26;15.7;15.88
;30.06.2021;15.62;15.64;16.62;15.8;15.36;15.32;16.12;18.68;75.48;70.4;77.62;75.9;80.16;78.32;81.12;82.24;77.9;78.58;48.86;34.48;32.92;24.98;19.34;17.62
;;;;;;;;;;;;;;;;;;;;;;;;;
;;;;;;;;;;;;;;;;;;;;;;;;;
;;;;;;;;;;;;;;;;;;;;;;;;;
H;Maximum consumption (per hour):;73.6152;kWh;30.06.2021 16-17;;;;;;;;;;;;;;;;;;;;;
;Minimum consumption (per hour):;46.2484;kWh;21.06.2021 07-08;;;;;;;;;;;;;;;;;;;;;
;Date / Time;00 till 01 o'clock;01 till 02 o'clock;02 till 03 o'clock;03 till 04 o'clock;04 till 05 o'clock;05 till 06 o'clock;06 till 07 o'clock;07 till 08 o'clock;08 till 09 o'clock;09 till 10 o'clock;10 till 11 o'clock;11 till 12 o'clock;12 till 13 o'clock;13 till 14 o'clock;14 till 15 o'clock;15 till 16 o'clock;16 till 17 o'clock;17 till 18 o'clock;18 till 19 o'clock;19 till 20 o'clock;20 till 21 o'clock;21 till 22 o'clock;22 till 23 o'clock;23 till 24 o'clock
;01.06.2021;52.59;51.5208;51.3912;52.116;51.918;50.376;50.718;54.15;53.8728;52.728;53.2776;52.1256;51.732;51.87;51.3972;51.1272;52.0416;51.4164;52.1712;54.8364;55.0512;51.5616;51.5532;54.12
;02.06.2021;54.5736;51.8208;51.9156;52.3164;51.906;51.2316;52.0872;54.9516;54.2184;51.7248;51.9816;51.8172;52.6452;52.6068;51.45;51.558;51.2676;51.234;51.2784;55.1664;50.5392;50.1852;51.8832;52.8144
;03.06.2021;52.4664;51.1224;50.802;51.2268;50.7948;50.064;50.898;55.4616;54.84;55.6764;53.2716;52.464;52.6872;52.6044;52.9272;52.5804;52.5228;52.5564;51.912;51.5772;52.3308;52.6308;52.3776;55.7604
;04.06.2021;53.8536;51.7704;51.8448;51.6732;51.2232;51.1908;52.1076;53.8536;53.2956;51.1296;52.056;51.3528;51.8136;51.3096;51.4632;50.8512;51.018;50.9176;51.0672;51.168;50.8812;51.0828;51.8904;52.6416
;05.06.2021;52.5348;50.8836;51.2544;52.0632;51.6852;50.6316;50.874;51;53.8152;54.7104;55.7388;54.612;54.9276;54.57;53.0388;51.1464;50.8236;50.9868;50.9412;51.1608;51.0408;51.144;52.1868;52.6044
;06.06.2021;51.6468;50.5236;50.7684;51.9516;51.1968;51.6732;51.3108;49.488;49.5972;49.9452;51.6468;51.72;51.2064;51.6024;51.9936;50.8548;50.592;51.0324;51.4212;55.332;54.258;51.4764;53.1528;53.6604
;07.06.2021;53.4228;52.05;52.0884;52.0524;51.3948;50.73;51.0228;50.2188;55.3572;52.4352;52.974;52.2756;52.098;52.206;52.4412;52.4448;53.0628;51.2796;51.0936;51.8076;52.9308;51.2436;52.5036;52.0548
;08.06.2021;51.7656;50.3736;50.3808;51.2064;50.8368;49.7508;51.3876;55.5732;52.5168;52.4796;52.5888;52.0272;52.3044;51.7824;51.738;52.2156;51.7104;51.5052;51.588;51.4536;51.7104;52.1172;53.6928;52.6716
;09.06.2021;52.4892;50.97;51.1068;51.9804;51.5892;50.5884;50.7156;54.1464;55.3092;53.9448;53.6616;52.6596;51.78;51.9792;52.6632;53.1912;52.0092;51.5952;52.638;53.7024;53.1756;52.68;52.104;52.9632
;10.06.2021;52.8396;51.6444;51.2796;52.0704;51.6588;50.79;51.768;55.422;55.2924;54.546;51.8448;51.9156;51.8172;51.9324;52.4568;51.8244;52.6044;52.4136;52.224;52.5468;52.2252;51.654;51.7932;54.6636
;11.06.2021;53.6988;51.5484;51.5436;52.1484;52.2528;51.4296;52.152;54.5292;56.058;55.4052;55.0404;55.2804;55.3152;55.938;55.2084;56.0652;54.9708;54.366;54.3936;54.03;53.3988;50.7864;51.2376;52.3692
;12.06.2021;52.5096;50.7756;50.8836;51.486;50.9196;50.0148;50.148;50.6112;54.8052;54.9864;55.1748;52.5876;52.5744;51.0492;50.616;50.9256;53.1204;55.1316;55.1448;54.9372;52.7304;54.312;55.1904;53.3544
;13.06.2021;51.9144;50.6028;50.5416;51.3768;51.372;50.0052;50.184;50.3184;50.5428;50.9148;51.126;51.4512;52.2096;50.568;52.7484;51.9264;52.0296;52.704;56.862;58.4404;54.0024;50.7948;52.0116;53.2824
;14.06.2021;51.7932;50.4588;50.4708;51.3684;50.8776;49.878;50.6148;51.24;54.4644;52.1436;52.1388;51.9948;52.524;52.1568;52.4352;52.758;53.5356;53.1648;51.8892;51.876;51.8988;53.0448;56.3088;53.508
;15.06.2021;52.4388;50.8836;50.6976;51.6864;51.1776;50.1876;51.0348;55.2924;54.1872;52.4988;52.9224;53.1468;52.578;52.6848;52.4616;53.1444;52.5228;52.0032;52.1496;55.4148;56.3616;52.392;53.8644;54.0564
;16.06.2021;53.3184;51.3348;51.3576;51.846;51.5364;50.9592;51.0384;54.462;54.756;51.864;52.4808;53.52;52.3704;52.1148;53.2524;51.87;52.008;51.192;51.2292;51.1224;52.062;50.754;52.1832;52.7052
;17.06.2021;52.5036;51.06;51.0516;52.0848;51.2928;50.496;51.0768;54.348;54.0432;52.3908;52.7148;52.536;52.0008;53.0436;53.8176;53.2476;53.568;52.59;51.4392;51.3036;51.4476;50.712;50.7852;52.2504
;18.06.2021;52.1256;50.838;51.1464;51.7932;51.192;50.4312;50.5212;51.048;50.9316;51.792;53.916;52.3092;52.6812;53.2188;52.7076;53.0544;53.3892;52.2708;52.3296;51.8568;51.9108;51.0936;50.9784;52.5288
;19.06.2021;52.1124;50.5032;50.7504;51.2316;51.0816;50.4192;50.3556;50.6064;50.9292;50.8788;51.3888;51.2436;51.426;51.2208;51.6996;51.0876;50.7792;51.2688;51.7224;51.8712;51.9912;51.0636;52.6116;52.0644
;20.06.2021;51.9156;50.7228;50.7792;51.5124;51.342;50.2644;50.3604;50.4804;50.448;50.4732;52.476;51.7284;51.1272;50.5416;50.286;50.9064;50.43;51.1536;55.83;55.7976;53.4096;50.4792;51.1116;52.2348
;21.06.2021;52.0044;50.4792;50.7516;51.1872;51.078;50.2368;50.3388;46.2484;51.858;51.8616;53.9268;53.7552;53.3052;52.26;51.9924;52.3788;51.9936;52.0212;51.7668;52.6608;51.6588;51.846;52.3476;53.9748
;22.06.2021;53.2728;52.7412;50.832;51.6552;51.3852;50.2932;51.1368;51.8976;51.7968;52.4616;52.7052;52.1196;51.9948;52.2528;52.188;51.7788;51.51;52.0776;52.1784;52.4148;52.6128;51.7812;51.726;52.71
;23.06.2021;52.3128;51.1152;51.264;52.0968;51.45;50.5944;51.1704;52.3248;51.984;51.3564;51.6204;52.23;54.0816;52.2408;53.6436;52.7748;52.4352;52.6908;51.3552;50.934;50.8968;50.9424;51.528;53.1276
;24.06.2021;52.5936;51.36;51.2604;52.002;51.4404;50.4936;50.4936;51.0048;50.8976;51.0528;51.1668;50.9136;50.6952;51.5532;52.8948;51.648;52.4784;52.746;52.2984;52.6956;52.9212;52.9872;52.8612;54.1512
;25.06.2021;53.2932;51.3168;51.2544;52.3548;51.678;51.0936;51.6852;53.4612;52.092;51.9312;53.0184;53.6244;53.3112;52.9512;53.1156;53.1528;53.0412;52.7532;52.974;52.9836;53.8332;53.4732;53.0964;53.964
;26.06.2021;53.382;52.074;52.26;52.5444;52.5324;51.4956;51.5304;51.0216;51.6288;52.8192;53.3016;54.114;52.5096;51.6168;51.1584;51.0204;50.934;51.0168;50.9892;51.18;50.976;50.9988;51.6264;52.8996
;27.06.2021;52.9788;51.2088;51.4488;52.0452;51.564;50.7372;50.6664;51.0624;50.7744;50.886;51.9708;51.5592;52.098;52.1124;51.5124;51.4488;52.9356;51.8556;52.0752;52.6332;52.6848;51.5148;52.0992;53.6052
;28.06.2021;53.1;51.7392;51.8364;52.5384;51.7872;51.054;51.8112;49.2984;53.1276;52.3116;52.95;54.228;55.7508;53.4744;52.8336;52.356;52.8024;52.0092;52.2504;52.3884;52.8828;52.5456;53.4192;54.3036
;29.06.2021;53.9748;52.7964;52.3488;52.5684;52.2996;51.4812;51.9108;52.0932;52.0212;52.8864;53.2512;52.6164;53.772;52.2852;52.392;51.828;52.4352;51.6384;52.092;51.726;51.7152;52.0548;51.7104;53.0976
;30.06.2021;52.6812;51.5364;51.5472;52.074;51.5352;50.5572;50.7924;51.2568;51.8688;52.7808;53.1624;52.464;52.9824;53.0196;55.8432;52.8876;73.6152;57.4944;51.4536;52.5576;52.5288;52.6548;57.2328;53.7216
;;;;;;;;;;;;;;;;;;;;;;;;;
;;;;;;;;;;;;;;;;;;;;;;;;;
;;;;;;;;;;;;;;;;;;;;;;;;;
G;Maximum consumption (per hour):;100.5916;kWh;14.06.2021 22-23;;;;;;;;;;;;;;;;;;;;;
;Minimum consumption (per hour):;45.3156;kWh;11.06.2021 05-06;;;;;;;;;;;;;;;;;;;;;
;Date / Time;00 till 01 o'clock;01 till 02 o'clock;02 till 03 o'clock;03 till 04 o'clock;04 till 05 o'clock;05 till 06 o'clock;06 till 07 o'clock;07 till 08 o'clock;08 till 09 o'clock;09 till 10 o'clock;10 till 11 o'clock;11 till 12 o'clock;12 till 13 o'clock;13 till 14 o'clock;14 till 15 o'clock;15 till 16 o'clock;16 till 17 o'clock;17 till 18 o'clock;18 till 19 o'clock;19 till 20 o'clock;20 till 21 o'clock;21 till 22 o'clock;22 till 23 o'clock;23 till 24 o'clock
;01.06.2021;65.9964;56.9172;53.0928;48.5028;46.7016;46.6872;49.8432;62.1516;56.0064;67.77;77.5305;78.1691;86.5057;87.4219;87.7366;83.5435;84.8072;72.714;73.2324;74.0148;94.9446;98.718;90.3621;77.3964
;02.06.2021;65.3112;56.8176;51.06;49.3836;47.0712;46.278;49.242;60.8387;56.88;60.5544;81.7585;83.5654;86.7767;90.7209;88.9607;85.8165;87.3657;68.7924;72.4716;79.2984;95.5606;95.5593;98.2104;76.758
;03.06.2021;66.45;58.0284;52.8732;48.4092;47.8104;47.2716;49.0212;61.6343;57.2532;64.2036;76.2763;76.3141;81.9081;87.6275;84.5828;81.7622;86.6325;74.4132;71.7684;72.9192;87.2842;93.752;91.3145;75.1116
;04.06.2021;69.2292;63.8616;56.2416;51.4632;47.5332;46.1148;49.3968;63.1554;58.956;62.5788;75.6899;79.6297;85.2891;89.1673;93.4351;83.1451;79.6249;68.2536;72.8976;71.4192;80.4839;76.9782;81.3414;68.0436
;05.06.2021;62.976;57.7044;56.3064;53.886;49.0644;46.926;46.4208;51.348;54.816;55.002;54.6468;58.746;60.5268;64.2612;66.3012;65.4192;62.67;65.2296;63.2952;69.504;69.9996;69.894;73.5816;69.8004
;06.06.2021;64.134;58.2312;57.7956;50.34;47.5272;46.5264;46.3668;47.9508;50.0916;50.5992;56.844;58.2;65.3004;75.5712;67.7112;65.5692;64.0968;61.7568;66.5244;72.0264;71.2452;74.0556;77.5596;74.9496
;07.06.2021;67.4604;59.4672;52.4724;49.284;47.7108;45.582;48.3552;62.0107;56.4492;62.7648;79.0492;84.8061;81.5849;81.949;83.9395;83.3512;84.1064;70.9824;70.8024;72.9864;91.465;88.4782;97.0663;76.0248
;08.06.2021;64.7316;60.528;57.0744;50.1288;47.1276;46.8456;49.8348;63.2532;57.5364;64.026;83.4679;84.2582;87.0586;81.2239;81.7843;92.4975;88.1279;69.1188;71.52;75.906;86.1577;88.7673;95.5449;73.8744
;09.06.2021;66.6468;60.9768;54.5304;50.7972;47.8188;46.4076;49.6392;63.6326;56.558;59.808;74.4856;87.1108;86.0042;86.7969;83.9224;84.4233;86.4082;73.2648;73.6368;77.0376;87.6662;90.9765;99.7651;78.4308
;10.06.2021;70.476;62.7744;54.5472;49.9728;47.4204;46.6872;49.2624;61.7192;57.7548;66.606;81.4655;80.1491;91.9413;87.5387;94.9732;82.7643;88.2865;71.1744;73.338;76.0836;92.2501;89.9065;89.3661;67.4736
;11.06.2021;62.184;59.2248;53.5584;49.6416;46.7772;45.3156;49.4844;63.3804;57.0588;61.8432;77.9034;80.7858;85.4854;83.9591;84.6437;88.7579;81.6109;67.6152;67.932;71.37;81.7479;87.3243;86.0337;71.1492
;12.06.2021;64.9056;65.262;55.7916;51.9996;48.5796;45.9132;46.4136;47.8788;50.094;54.882;58.9464;61.1832;62.1168;65.4324;66.738;66.684;72.4872;69.3612;69.2904;69.6348;71.2908;78.792;81.9744;73.5624
;13.06.2021;68.724;63.3816;54.9696;51.6816;48.4872;47.0664;46.6752;47.6508;49.3092;51.9108;56.7396;62.8884;66.684;65.6304;66.222;66.1608;70.6788;67.11;65.8248;67.8216;70.9776;72.9552;76.4088;76.596
;14.06.2021;70.7016;61.7736;55.9236;53.2848;48.072;46.3896;49.464;60.8814;57.0108;61.0572;79.5594;82.2451;81.6667;86.3897;88.9504;84.1762;85.9593;69.7764;73.7208;72.1128;85.9297;97.014;100.5916;77.1192
;15.06.2021;68.814;60.6672;53.6016;50.9544;47.1996;45.5904;47.7336;62.9575;57.6096;60.9444;78.6417;80.2562;80.4804;83.6713;83.0367;85.1766;84.9897;73.0932;74.4852;77.7348;85.5539;87.063;93.4342;73.1208
;16.06.2021;67.9776;59.8668;56.9376;52.7988;48.7752;47.3112;51.1668;63.0106;58.6704;61.3332;75.8386;85.5933;90.5257;91.5022;92.2333;94.7699;86.3228;72.186;69.2052;73.9908;90.2193;87.179;88.1166;73.0728
;17.06.2021;66.774;59.5356;58.6752;51.4956;47.844;47.3832;48.8508;65.4859;57.1668;64.0836;77.3779;78.2384;84.8696;90.7857;90.128;85.8116;89.9077;74.0196;70.9524;79.056;85.7826;86.6357;91.7577;71.9604
;18.06.2021;68.7912;60.1332;54.3024;52.8648;48.2184;46.602;47.778;63.6612;58.4532;65.574;82.47;81.0524;78.6385;85.3594;85.0822;85.7631;89.7704;66.9936;67.4412;71.9916;80.4985;81.7576;84.6848;76.5216
;19.06.2021;67.4244;66.4152;59.7924;53.928;48.6924;47.6748;48.6072;52.0908;55.6476;57.3924;60.8568;61.5084;64.116;66;62.004;62.2392;66.6048;63.4968;63.9252;67.3176;67.6956;67.7652;69.7932;72.9936
;20.06.2021;69.2652;61.0488;56.2176;51.954;48.972;47.952;46.7196;48.5796;51.12;55.6392;58.4052;63.2556;63.1848;67.3164;66.3444;65.0376;65.0172;64.7724;66.5136;71.142;74.9256;71.4576;68.7252;73.2396
;21.06.2021;65.73;62.808;54.6828;51.5184;49.7856;48.0108;50.6508;65.5122;61.1856;64.9152;81.7009;80.3409;87.943;91.49;90.4391;83.7492;83.5296;69.3084;75.4068;71.6676;81.3006;84.7472;87.1073;69.0612
;22.06.2021;65.9976;62.154;53.4492;50.1888;51.5868;47.3376;47.664;62.8263;57.7824;61.5384;81.9228;84.8293;94.4939;94.8617;92.8185;93.0706;91.2766;79.3536;79.6632;76.2564;89.4309;89.8053;85.5144;73.1244
;23.06.2021;67.9104;64.3884;59.8992;56.7528;54.6552;53.0616;54.1632;65.1282;63.5712;65.7768;77.0921;78.9018;80.5659;86.254;82.7453;86.2386;82.9618;73.3344;72.6204;69.8088;81.8198;82.6282;82.9537;63.6948
;24.06.2021;62.808;60.66;58.2612;54.3288;52.4172;51.6156;53.0316;62.4272;57.6864;59.5524;73.6926;73.8269;75.1374;81.7816;84.0328;84.2384;84.3633;69.6588;67.6608;68.0796;83.6149;86.6674;89.1274;68.3328
;25.06.2021;66.0972;62.9952;58.0452;54.5688;52.0104;51.5892;53.1432;62.7993;57.4328;61.1316;75.5064;73.8833;77.1564;84.4517;86.0803;80.7812;87.1575;71.1624;68.2632;70.3824;83.2169;95.0573;87.7876;73.4952
;26.06.2021;72.6468;62.436;55.962;54.39;52.4736;52.1472;52.5672;52.95;57.0768;63.4044;64.8732;65.2068;66.8088;70.3728;67.572;69.8184;66.8268;67.1976;69.6192;65.1288;66.1272;71.604;72.192;69.6084
;27.06.2021;67.086;62.1792;57.3696;56.2368;51.9084;51.0984;51.8016;54.2652;55.9632;61.026;61.0128;65.4024;71.9652;70.8312;72.09;69.9324;71.1708;68.8068;67.5996;71.8764;71.8416;73.344;75.9444;73.6212
;28.06.2021;70.1016;62.7168;56.6436;53.664;51.2148;51.324;54.2988;68.3163;64.0416;70.2396;82.8398;90.4779;87.4667;92.4745;90.156;94.2162;88.3433;77.8104;78.4296;83.328;99.1334;97.932;94.9784;72.006
;29.06.2021;68.6796;66.7356;60.8772;58.992;55.86;53.8836;58.1904;72.866;67.3008;70.6776;86.8149;82.5368;84.5372;91.1108;94.0248;90.7795;89.7151;77.5932;76.128;80.3448;92.1551;88.7641;94.6985;79.4136
;30.06.2021;68.4516;61.6332;59.0676;54.2988;52.7844;53.2656;57.7596;71.9289;67.9392;78.0564;86.4427;85.1973;92.751;95.9947;95.4534;100.5635;94.64;79.332;77.238;86.9376;93.9935;94.9989;91.901;76.0704
;;;;;;;;;;;;;;;;;;;;;;;;;
;;;;;;;;;;;;;;;;;;;;;;;;;
;;;;;;;;;;;;;;;;;;;;;;;;;
F ;Maximum consumption (per hour):;10.2795;kWh;22.06.2021 13-14;;;;;;;;;;;;;;;;;;;;;
;Minimum consumption (per hour):;1.2242;kWh;26.06.2021 07-08;;;;;;;;;;;;;;;;;;;;;
;Date / Time;00 till 01 o'clock;01 till 02 o'clock;02 till 03 o'clock;03 till 04 o'clock;04 till 05 o'clock;05 till 06 o'clock;06 till 07 o'clock;07 till 08 o'clock;08 till 09 o'clock;09 till 10 o'clock;10 till 11 o'clock;11 till 12 o'clock;12 till 13 o'clock;13 till 14 o'clock;14 till 15 o'clock;15 till 16 o'clock;16 till 17 o'clock;17 till 18 o'clock;18 till 19 o'clock;19 till 20 o'clock;20 till 21 o'clock;21 till 22 o'clock;22 till 23 o'clock;23 till 24 o'clock
;01.06.2021;2.629;2.3922;2.2306;2.6452;2.4391;2.2795;3.3351;2.5486;3.1045;4.8166;3.8096;4.3676;4.5923;4.7709;4.5693;4.7142;4.0809;2.7954;3.5358;3.8394;3.4564;3.5397;3.1709;2.6463
;02.06.2021;2.345;2.387;2.692;2.5027;2.3268;2.6436;3.564;2.9233;4.067;8.196;6.1747;4.5572;4.2884;4.4118;4.2201;3.8638;3.8763;2.7741;3.0947;2.4892;2.5344;2.6356;2.6494;2.2962
;03.06.2021;2.2071;2.544;2.4408;2.2171;2.5627;2.5332;2.7421;2.2204;3.2441;3.4928;3.9694;3.8176;4.4262;4.6856;3.8582;3.9987;4.1952;3.2488;2.7698;2.9631;2.5962;2.6165;3.0586;2.72
;04.06.2021;2.4394;2.3943;2.6733;2.508;2.4085;2.6099;3.2927;2.3709;3.9884;6.2228;5.7083;4.342;4.3629;9.3753;6.1472;7.0813;4.3274;2.6545;2.5247;2.5572;2.6295;2.5277;2.3392;2.465
;05.06.2021;2.6771;2.4399;2.3029;2.4612;2.6301;2.4792;2.3163;2.4629;2.5915;2.6158;2.8672;3.3762;3.0016;2.6613;2.585;2.3915;2.4153;2.3655;2.5813;2.703;2.4374;2.3535;2.309;2.5875
;06.06.2021;2.6369;2.2908;2.3326;2.6426;2.454;2.3679;2.5021;2.5992;2.3938;2.3508;2.6055;2.6589;3.4812;3.3799;3.3912;3.5138;4.0524;4.2914;3.3297;2.4237;2.3395;2.4965;2.5954;2.4349
;07.06.2021;2.2902;2.425;2.5667;2.4244;2.3074;2.5;3.3364;2.6016;3.6913;5.239;6.0097;6.0283;6.7988;8.1501;5.94;6.0023;6.0567;4.3209;4.0293;2.6157;2.9243;2.535;2.4645;2.3387
;08.06.2021;2.2081;2.1148;2.3534;2.328;2.1813;2.201;3.2063;2.4343;3.1342;4.4545;4.0715;4.2339;5.102;4.791;5.0776;5.3247;5.5238;4.0325;2.5482;2.503;2.202;2.6291;1.9975;1.4744
;09.06.2021;1.9159;1.475;1.5614;1.9391;1.4792;1.5171;2.2846;1.8283;1.9326;3.8697;3.3654;3.4804;5.9955;7.0556;6.4255;3.458;4.166;3.3249;2.7331;2.1017;2.1679;1.8574;1.9299;1.4138
;10.06.2021;1.482;1.8041;1.5732;1.4018;1.4868;1.9202;2.204;1.4012;5.171;3.1278;3.3447;3.0994;2.785;3.1374;3.4554;5.5893;4.6215;1.6767;2.1002;1.856;2.9374;2.1386;1.7454;1.8565
;11.06.2021;1.3935;1.435;1.9045;1.4703;1.417;1.7473;2.3947;1.4606;3.2188;3.7088;5.4343;7.1007;4.7459;4.8759;3.7642;4.1241;2.4686;2.2156;1.568;1.9005;1.4192;1.5978;1.6834;1.3726
;12.06.2021;1.714;1.6017;1.3832;1.5185;1.7536;1.3848;1.4443;1.7974;1.729;2.9204;3.7771;3.7868;3.135;1.6536;1.4519;1.8181;1.4746;1.5637;1.7694;1.3974;1.6546;1.7989;1.4229;1.3616
;13.06.2021;1.8457;1.4174;1.4334;1.8386;1.4169;1.4643;1.5605;1.7379;1.4399;1.4295;1.5135;1.7836;1.4133;1.472;1.4721;1.7368;1.445;1.4164;1.5212;1.4988;1.6893;1.361;1.446;1.4124
;14.06.2021;1.4298;1.7007;1.4239;1.3949;1.4303;1.436;2.3195;1.7646;1.9919;4.6069;3.6154;4.2889;4.801;4.439;7.288;5.463;3.3908;2.2012;1.5726;1.8239;1.4849;1.4944;1.921;1.4342
;15.06.2021;1.4071;1.8296;1.5194;1.4451;1.5114;1.8407;2.2265;1.7473;2.2786;4.0249;4.3734;4.9659;4.0813;3.9482;3.6373;4.2343;3.8054;2.4992;2.7346;3.0823;2.5709;5.6916;5.4204;1.6203
;16.06.2021;1.832;1.4371;1.4033;1.9169;1.4473;1.4271;2.6654;1.435;2.6453;2.8919;3.4832;3.1495;3.7589;4.0991;5.3592;3.7957;5.9769;4.0176;1.977;2.7485;2.1049;2.558;1.7616;1.462
;17.06.2021;1.8536;1.437;1.6846;1.7381;1.4275;1.7624;2.3899;1.4754;2.4179;2.5029;4.0595;3.121;3.6033;3.1986;4.1063;6.1265;9.3917;4.252;2.0296;3.0753;2.499;4.4706;4.0791;2.0179
;18.06.2021;1.4898;1.4832;1.7796;1.4306;1.656;1.74;2.0827;1.9241;2.2468;3.1146;2.7372;3.4577;4.2843;6.8408;4.9676;5.3008;4.1485;3.1635;1.8612;1.549;1.4214;1.9012;1.5158;1.5714
;19.06.2021;1.6613;1.4902;1.6631;1.667;1.3935;1.5728;2.6129;1.3818;2.1958;3.0588;4.4684;4.0518;4.1673;4.4356;4.3296;3.2851;3.5728;2.4469;1.7099;1.6513;1.4921;1.6493;1.5731;1.4711
;20.06.2021;1.6405;1.6925;1.3819;1.5001;1.7955;1.453;1.3582;1.6732;1.7652;1.4143;1.3599;1.5663;1.7958;1.8834;3.2016;3.6284;2.2677;1.4745;1.7683;1.4736;1.4822;1.4598;1.6996;1.4427
;21.06.2021;1.4182;1.4266;1.5773;1.6205;1.4154;1.4267;2.251;2.6517;2.9608;6.1232;5.4256;4.8263;4.9575;7.2923;5.3866;5.8646;4.4104;2.9441;2.753;3.4966;2.8968;3.4958;2.0113;1.7568
;22.06.2021;1.5769;1.3971;1.8447;1.485;1.3806;1.6983;2.2789;1.5418;3.6225;5.1232;6.001;6.1398;5.5511;10.2795;2.2622;1.7653;1.4421;1.8434;1.4182;1.4821;1.7376;1.5294;1.4692;1.7158
;23.06.2021;1.3825;1.7556;1.3113;1.8219;1.3333;1.5174;1.5409;1.3967;1.7845;1.331;1.6919;1.5886;1.3445;1.813;1.3221;1.5368;1.6438;1.2723;1.797;1.3836;1.5775;1.5207;1.317;1.6939
;24.06.2021;1.425;1.3164;1.7461;1.3725;1.5086;1.5686;1.2887;1.6428;1.5581;1.3133;1.7014;1.4457;1.3643;1.7743;1.2801;1.3773;1.6859;1.4598;1.327;1.5132;1.6197;1.3568;1.2949;1.7048
;25.06.2021;1.3593;1.3405;1.5652;1.4684;1.3477;1.326;1.6262;1.3379;1.4202;1.3401;1.4617;1.6946;1.3348;1.4627;1.3938;1.2911;1.4668;1.5624;2.9894;2.8666;1.713;1.3835;1.5308;1.5085
;26.06.2021;1.3651;1.3687;1.6853;1.29;1.2997;1.5081;1.5764;1.2242;1.3876;1.6636;1.4643;1.2984;1.2607;1.7785;1.5216;2.8802;3.2994;3.8775;3.0296;2.0397;2.1245;1.9958;1.8248;1.8363
;27.06.2021;2.0648;1.9674;1.6781;1.9346;2.0233;1.9383;1.7437;1.9443;2.0163;1.9902;1.7399;1.8243;2.0238;2.0559;1.8491;1.692;1.9534;2.0704;1.9227;1.6777;1.8717;2.127;1.9267;1.6894
;28.06.2021;1.894;2.0809;1.7459;1.763;2.0112;1.9996;2.4067;1.5741;2.2802;3.4636;6.1081;8.1973;6.458;9.1988;9.8933;9.6917;6.8129;4.4186;3.3912;2.9868;2.214;1.6527;1.52;1.5895
;29.06.2021;1.6888;1.5224;1.4614;1.6117;1.6763;1.5333;2.2159;1.8433;3.3012;5.6762;5.4156;6.1288;4.9604;5.7057;5.275;5.4164;4.3891;4.3061;3.7698;5.999;5.0779;5.2958;4.1356;1.5467
;30.06.2021;1.7631;1.3813;1.4173;1.8227;1.4238;1.41;3.0555;2.1854;5.1576;9.4423;6.6775;6.5715;6.4887;6.2796;6.7222;7.0684;6.2863;4.8552;5.0683;4.8742;5.0643;4.5274;2.541;2.3505
;;;;;;;;;;;;;;;;;;;;;;;;;
;;;;;;;;;;;;;;;;;;;;;;;;;
;;;;;;;;;;;;;;;;;;;;;;;;;
J;Maximum consumption (per hour):;0.5544;kWh;05.06.2021 11-12;;;;;;;;;;;;;;;;;;;;;
;Minimum consumption (per hour):;0.2867;kWh;01.06.2021 04-05;;;;;;;;;;;;;;;;;;;;;
;Date / Time;00 till 01 o'clock;01 till 02 o'clock;02 till 03 o'clock;03 till 04 o'clock;04 till 05 o'clock;05 till 06 o'clock;06 till 07 o'clock;07 till 08 o'clock;08 till 09 o'clock;09 till 10 o'clock;10 till 11 o'clock;11 till 12 o'clock;12 till 13 o'clock;13 till 14 o'clock;14 till 15 o'clock;15 till 16 o'clock;16 till 17 o'clock;17 till 18 o'clock;18 till 19 o'clock;19 till 20 o'clock;20 till 21 o'clock;21 till 22 o'clock;22 till 23 o'clock;23 till 24 o'clock
;01.06.2021;0.3698;0.3226;0.299;0.2901;0.2867;0.3102;0.383;0.4614;0.513;0.5354;0.541;0.5387;0.5331;0.5354;0.5264;0.523;0.5242;0.5331;0.5488;0.551;0.5488;0.5421;0.5197;0.4603
;02.06.2021;0.373;0.3226;0.299;0.2901;0.2867;0.3102;0.383;0.4614;0.513;0.5354;0.541;0.5387;0.5331;0.5354;0.5264;0.523;0.5242;0.5331;0.5488;0.551;0.5488;0.5421;0.5197;0.4603
;03.06.2021;0.373;0.3226;0.299;0.2901;0.2867;0.3102;0.383;0.4614;0.513;0.5354;0.541;0.5387;0.5331;0.5354;0.5264;0.523;0.5242;0.5331;0.5488;0.551;0.5488;0.5421;0.5197;0.4603
;04.06.2021;0.373;0.3226;0.299;0.2901;0.2867;0.3102;0.383;0.4614;0.513;0.5354;0.541;0.5387;0.5331;0.5354;0.5264;0.523;0.5242;0.5331;0.5488;0.551;0.5488;0.5421;0.5197;0.4603
;05.06.2021;0.4054;0.3506;0.3203;0.3058;0.2968;0.3069;0.3416;0.3954;0.4648;0.5242;0.5522;0.5544;0.5488;0.5421;0.532;0.5242;0.5242;0.5309;0.541;0.5466;0.5488;0.5432;0.5242;0.476
;06.06.2021;0.4054;0.3506;0.3203;0.3058;0.2968;0.3069;0.3416;0.3954;0.4648;0.5242;0.5522;0.5544;0.5488;0.5421;0.532;0.5242;0.5242;0.5309;0.541;0.5466;0.5488;0.5432;0.5242;0.476
;07.06.2021;0.373;0.3226;0.299;0.2901;0.2867;0.3102;0.383;0.4614;0.513;0.5354;0.541;0.5387;0.5331;0.5354;0.5264;0.523;0.5242;0.5331;0.5488;0.551;0.5488;0.5421;0.5197;0.4603
;08.06.2021;0.373;0.3226;0.299;0.2901;0.2867;0.3102;0.383;0.4614;0.513;0.5354;0.541;0.5387;0.5331;0.5354;0.5264;0.523;0.5242;0.5331;0.5488;0.551;0.5488;0.5421;0.5197;0.4603
;09.06.2021;0.373;0.3226;0.299;0.2901;0.2867;0.3102;0.383;0.4614;0.513;0.5354;0.541;0.5387;0.5331;0.5354;0.5264;0.523;0.5242;0.5331;0.5488;0.551;0.5488;0.5421;0.5197;0.4603
;10.06.2021;0.373;0.3226;0.299;0.2901;0.2867;0.3102;0.383;0.4614;0.513;0.5354;0.541;0.5387;0.5331;0.5354;0.5264;0.523;0.5242;0.5331;0.5488;0.551;0.5488;0.5421;0.5197;0.4603
;11.06.2021;0.373;0.3226;0.299;0.2901;0.2867;0.3102;0.383;0.4614;0.513;0.5354;0.541;0.5387;0.5331;0.5354;0.5264;0.523;0.5242;0.5331;0.5488;0.551;0.5488;0.5421;0.5197;0.4603
;12.06.2021;0.4054;0.3506;0.3203;0.3058;0.2968;0.3069;0.3416;0.3954;0.4648;0.5242;0.5522;0.5544;0.5488;0.5421;0.532;0.5242;0.5242;0.5309;0.541;0.5466;0.5488;0.5432;0.5242;0.476
;13.06.2021;0.4054;0.3506;0.3203;0.3058;0.2968;0.3069;0.3416;0.3954;0.4648;0.5242;0.5522;0.5544;0.5488;0.5421;0.532;0.5242;0.5242;0.5309;0.541;0.5466;0.5488;0.5432;0.5242;0.476
;14.06.2021;0.373;0.3226;0.299;0.2901;0.2867;0.3102;0.383;0.4614;0.513;0.5354;0.541;0.5387;0.5331;0.5354;0.5264;0.523;0.5242;0.5331;0.5488;0.551;0.5488;0.5421;0.5197;0.4603
;15.06.2021;0.373;0.3226;0.299;0.2901;0.2867;0.3102;0.383;0.4614;0.513;0.5354;0.541;0.5387;0.5331;0.5354;0.5264;0.523;0.5242;0.5331;0.5488;0.551;0.5488;0.5421;0.5197;0.4603
;16.06.2021;0.373;0.3226;0.299;0.2901;0.2867;0.3102;0.383;0.4614;0.513;0.5354;0.541;0.5387;0.5331;0.5354;0.5264;0.523;0.5242;0.5331;0.5488;0.551;0.5488;0.5421;0.5197;0.4603
;17.06.2021;0.373;0.3226;0.299;0.2901;0.2867;0.3102;0.383;0.4614;0.513;0.5354;0.541;0.5387;0.5331;0.5354;0.5264;0.523;0.5242;0.5331;0.5488;0.551;0.5488;0.5421;0.5197;0.4603
;18.06.2021;0.373;0.3226;0.299;0.2901;0.2867;0.3102;0.383;0.4614;0.513;0.5354;0.541;0.5387;0.5331;0.5354;0.5264;0.523;0.5242;0.5331;0.5488;0.551;0.5488;0.5421;0.5197;0.4603
;19.06.2021;0.4054;0.3506;0.3203;0.3058;0.2968;0.3069;0.3416;0.3954;0.4648;0.5242;0.5522;0.5544;0.5488;0.5421;0.532;0.5242;0.5242;0.5309;0.541;0.5466;0.5488;0.5432;0.5242;0.476
;20.06.2021;0.4054;0.3506;0.3203;0.3058;0.2968;0.3069;0.3416;0.3954;0.4648;0.5242;0.5522;0.5544;0.5488;0.5421;0.532;0.5242;0.5242;0.5309;0.541;0.5466;0.5488;0.5432;0.5242;0.476
;21.06.2021;0.373;0.3226;0.299;0.2901;0.2867;0.3102;0.383;0.4614;0.513;0.5354;0.541;0.5387;0.5331;0.5354;0.5264;0.523;0.5242;0.5331;0.5488;0.551;0.5488;0.5421;0.5197;0.4603
;22.06.2021;0.373;0.3226;0.299;0.2901;0.2867;0.3102;0.383;0.4614;0.513;0.5354;0.541;0.5387;0.5331;0.5354;0.5264;0.523;0.5242;0.5331;0.5488;0.551;0.5488;0.5421;0.5197;0.4603
;23.06.2021;0.373;0.3226;0.299;0.2901;0.2867;0.3102;0.383;0.4614;0.513;0.5354;0.541;0.5387;0.5331;0.5354;0.5264;0.523;0.5242;0.5331;0.5488;0.551;0.5488;0.5421;0.5197;0.4603
;24.06.2021;0.373;0.3226;0.299;0.2901;0.2867;0.3102;0.383;0.4614;0.513;0.5354;0.541;0.5387;0.5331;0.5354;0.5264;0.523;0.5242;0.5331;0.5488;0.551;0.5488;0.5421;0.5197;0.4603
;25.06.2021;0.373;0.3226;0.299;0.2901;0.2867;0.3102;0.383;0.4614;0.513;0.5354;0.541;0.5387;0.5331;0.5354;0.5264;0.523;0.5242;0.5331;0.5488;0.551;0.5488;0.5421;0.5197;0.4603
;26.06.2021;0.4054;0.3506;0.3203;0.3058;0.2968;0.3069;0.3416;0.3954;0.4648;0.5242;0.5522;0.5544;0.5488;0.5421;0.532;0.5242;0.5242;0.5309;0.541;0.5466;0.5488;0.5432;0.5242;0.476
;27.06.2021;0.4054;0.3506;0.3203;0.3058;0.2968;0.3069;0.3416;0.3954;0.4648;0.5242;0.5522;0.5544;0.5488;0.5421;0.532;0.5242;0.5242;0.5309;0.541;0.5466;0.5488;0.5432;0.5242;0.476
;28.06.2021;0.373;0.3226;0.299;0.2901;0.2867;0.3102;0.383;0.4614;0.513;0.5354;0.541;0.5387;0.5331;0.5354;0.5264;0.523;0.5242;0.5331;0.5488;0.551;0.5488;0.5421;0.5197;0.4603
;29.06.2021;0.373;0.3226;0.299;0.2901;0.2867;0.3102;0.383;0.4614;0.513;0.5354;0.541;0.5387;0.5331;0.5354;0.5264;0.523;0.5242;0.5331;0.5488;0.551;0.5488;0.5421;0.5197;0.4603
;30.06.2021;0.373;0.3226;0.299;0.2901;0.2867;0.3102;0.383;0.4614;0.513;0.5354;0.541;0.5387;0.5331;0.5354;0.5264;0.523;0.5242;0.5331;0.5488;0.551;0.5488;0.5421;0.5197;0.4603
