Date,0,1,2,3,4,5,6,7,8,9,10,11,12,13,14,15,16,17,18,19,20,21,22,23
01.01.2021,145.094,145.802,145.586,147,146.24,146.74,155.616,160.702,166.358,162.256,159.324,159.292,158.276,158.154,158.25,160.158,165.274,166.372,164.882,165.852,165.324,147.982,145.102,145.624
02.01.2021,145.65,145.824,145.238,145.246,145.162,146.648,154.502,158.946,162.718,166.652,164.158,163.688,164.476,164.932,164.998,156.93,159.948,161.022,151.63,150.332,150.29,147.616,146.674,146.868
03.01.2021,146.07,146.746,146.248,145.822,145.492,146.306,147.92,150.584,150.834,147.464,144.952,144.058,145.106,144.854,144.29,144.966,150.676,151.816,149.274,149.42,148.24,147.59,147.646,146.858
04.01.2021,146.938,147.036,146.63,146.92,146.094,147.63,156.844,174.864,192.954,203.044,216.142,224.336,216.658,212.048,214.17,213.982,206.074,198.28,190.62,180.724,175.004,157.492,151.752,156.836
05.01.2021,154.168,151.864,152.182,151.694,151.676,152.498,161.234,181.294,199.982,199.236,200.61,209.278,210.184,221.188,212.708,211.528,208.964,198.774,184.852,174.564,171.802,152.134,147.23,146.366
06.01.2021,146.226,145.524,144.726,146.232,143.984,145.976,153.694,171.274,185.438,198.826,203.942,215.496,208.26,214.86,215.306,207.138,206.888,196.394,190.012,183.608,176.158,160.516,151.274,150.452
07.01.2021,150.684,149.892,149.784,150.844,149.93,151.238,160.988,177.88,195.028,207.17,208.172,212.686,216.762,213.606,211.9,210.648,209.052,199.154,191.72,187.63,179.828,162.372,157.468,157.702
08.01.2021,156.864,157.764,157.158,157.074,156.998,159.75,168.318,185.264,206.262,214.284,212.662,219.142,218.298,223.72,220.064,217.18,213.516,204.242,197.01,191.944,186.914,167.148,164.208,164.524
09.01.2021,164.734,163.996,164.43,164.744,163.874,164.694,175.126,178.69,181.888,185.674,188.44,191.924,193.088,191.842,191.766,185.224,189.544,185.43,176.994,175.59,175.056,172.336,171.416,169.344
10.01.2021,170.108,170.542,169.692,169.656,170.62,170.812,171.976,174.552,175.628,169.102,167.9,168.282,169.15,169.39,168.764,171.456,174.03,175.936,171.944,173.11,171.284,171.216,170.414,169.026
11.01.2021,168.494,169.574,169.082,168.498,169.48,170.344,180.942,200.854,218.586,221.118,228.568,230.008,226.608,223.262,217.426,207.776,210.502,207.704,195.112,183.434,179.034,161.7,155.25,156.304
12.01.2021,155.546,156.64,156.12,156.114,155.638,157.06,165.876,182.358,204.954,213.584,232.312,236.862,238.156,244.882,235.092,225.022,221.644,213.652,216.952,209.48,201.418,183.682,177.392,173.24
13.01.2021,170.57,171.436,171.218,171.644,170.322,173.562,183.552,197.376,211.218,223.766,223.414,229.702,227.586,227.174,231.494,229.066,228.202,227.778,226.578,217.34,212.532,195.038,186.098,185.894
14.01.2021,187.506,188.404,188.49,188.59,188.926,189.888,198.59,216.638,222.702,221.244,224.4,238.316,240.172,243.338,238.496,233.232,233.55,233.266,224.85,211.998,208.956,187.552,182.672,182.398
15.01.2021,182.746,181.828,182.918,184.26,183.438,186.97,196.022,215.492,230.66,233.756,244.758,243.394,242.81,242.808,243.806,245.538,249.088,253.476,241.562,227.974,223.79,203.702,198.46,198.094
16.01.2021,198.964,197.99,198.954,199.036,198.026,200.016,209.784,216.364,216.56,218.634,220.79,223.518,225.836,227.64,220.084,208.264,212.576,215.46,206.948,205.678,205.164,200.446,199.246,200.024
17.01.2021,198.678,199.092,199.202,200.762,199.814,201.256,203.89,205.482,204.962,203.84,202.3,201.976,201.842,201.546,200.624,201.626,206.96,208.862,206.244,207.142,204.388,203.92,201.962,200.002
18.01.2021,199.036,199.612,199.546,199.366,199.314,205.034,212.482,231.298,247.364,250.058,250.966,255.092,250.046,244.498,246.534,245.43,247.552,244.35,238.782,232.06,222.916,202.8,199.07,197.972
19.01.2021,195.998,199.53,196.712,195.616,199.784,197.424,207.772,225.356,244.924,246.396,246.054,248.946,239.598,237.214,236.99,234.686,231.026,228.1,224.156,217.31,210.912,188.606,184.172,185.386
20.01.2021,183.556,184.564,185.576,185.168,184.19,186.992,195.752,211.18,230.692,245.98,244.272,247.862,245.046,247.98,243.994,243.262,239.288,235.324,223.628,216.762,212.786,194.44,187.308,186.322
21.01.2021,188.834,187.55,186.684,188.054,186.458,186.386,196.034,210.244,222.428,227.302,237.26,249.392,244.454,241.046,238.238,236.778,242.098,239.808,231.12,225.464,220.562,199.28,193.552,192.068
22.01.2021,193.044,193.72,193.722,194.656,193.906,193.976,204.438,219.576,222.832,229.012,231.544,237.448,230.08,228.132,227.698,230.96,226.96,222.368,211.058,208.08,203.598,185.454,183.582,181.722
23.01.2021,181.888,182.798,181.712,183.872,183.514,183.752,194.48,197.28,201.914,202.64,203.21,203.95,200.948,198.56,196.876,188.868,190.468,191.692,180.756,176.372,173.17,171.532,171.53,169.926
24.01.2021,169.374,169.52,169.176,170.598,168.208,169.822,171.462,173.094,172.88,168.728,168.174,169.772,169.408,169.206,170.892,166.654,171.184,171.788,171.53,172.472,171.06,170.934,169.44,169.524
25.01.2021,170.57,168.1,169.39,169.044,169.056,172.554,179.556,199.366,214.196,221.176,228.02,239.398,238.416,239.098,234.878,233.296,231.21,215.944,209.356,207.85,202.832,186.876,182.456,179.352
26.01.2021,180.762,181.988,180.334,179.94,181.124,181.852,190.104,207.816,215.992,227.53,224.882,227.912,216.534,213.562,210.336,206.54,204.938,206.76,199.566,194.25,191.86,175.938,172.748,175.938
27.01.2021,172.292,173.148,174.246,173.568,173.846,176.608,181.382,198.564,217.832,219.554,219.528,228.44,230.868,230.898,226.028,224.176,222.058,211.736,210.092,202.16,196.622,180.3,174.02,173.608
28.01.2021,174.124,172.522,172.472,174.51,172.852,174.89,183.32,198.348,217.154,225.58,236.824,231.368,219.95,221.088,221.5,226.772,225.11,215.964,211.098,207.996,201.202,182.17,176.362,176.008
29.01.2021,176.476,175.992,177.134,175.532,174.51,177.014,184.876,200.282,211.916,212.454,213.29,215.706,216.23,214.814,209.086,200.264,198.632,192.114,186.892,183.934,178.894,161.546,158.312,159.236
30.01.2021,157.992,158.666,160.314,158.488,158.902,162.568,168.608,172.394,175.834,177.822,181.986,180.584,181.78,180.808,177.338,162.784,165.352,165.538,157.29,156.986,155.596,153.682,152.382,153.964
31.01.2021,152.032,151.908,154.07,153.232,153.882,155.038,155.69,155.888,152.432,153.12,151.26,150.004,150.552,147.672,147.904,150.294,152.15,154.302,152.052,152.56,150.01,149.468,150.104,150.53
01.02.2021,150.648,150.662,150.662,151.056,150.88,152.26,163.166,176.708,190.416,208.382,218.204,221.588,219.95,219.536,214.4,207.206,206.452,201.938,196.776,191.976,187.766,172.192,167.202,165.856
02.02.2021,166.37,167.592,166.314,166.066,166.558,167.028,177.052,195.824,217.744,223.77,228.962,234.378,230.64,228.408,229.24,223.468,228.782,225.536,221.164,215.162,210.884,190.326,186.052,184.32
03.02.2021,183.898,183.566,183.812,182.606,182.388,185.2,193.578,204.784,219.256,228.59,232.532,235.086,226.854,232.566,236.402,232.688,228.22,216.414,217.614,211.724,205.1,186.046,181.954,179.828
04.02.2021,179.96,180.642,181.006,182.466,182.216,184.556,192.066,207.366,228.464,233.486,243.092,242.968,242.112,240.428,240.286,231.25,226.078,219.314,215.906,214.328,206.102,189.168,183.664,182.612
05.02.2021,183.366,183.982,182.074,183.784,183.706,187.18,196.856,212.606,222.416,226.728,231.498,234.216,229.432,230.588,224.706,223.902,213.5,208.118,203.504,200.704,194.1,175.28,172.022,172.118
06.02.2021,171.652,173.284,171.22,171.912,172.014,175.052,184.002,187.134,193.174,207.622,208.032,207.476,209.376,206.336,205.184,198.87,198.596,196.89,186.508,183.946,183.2,180.322,181.702,177.716
07.02.2021,178.666,181.396,178.928,179.778,179.684,181.428,182.9,186.11,184.366,182.582,180.3,179.624,179.024,176.842,175.106,179.588,178.114,182.882,184.338,183.676,184.686,183.162,183.352,181.83
08.02.2021,182.812,185.098,182.082,182.248,182.65,186.94,197.514,210.392,226.99,245.392,250.202,247.01,239.416,239.744,236.786,232.464,224.35,214.376,208.74,204.076,195.842,179.474,173.88,173.328
09.02.2021,173.604,174.708,171.896,171.724,174.148,174.72,182.414,200.106,206.128,221.502,230.57,241.376,239.152,239.396,235.78,232.436,233.16,223.064,222.694,215.336,208.872,188.276,183.724,184.294
10.02.2021,184.622,183.668,183.562,184.756,183.45,185.458,195.804,212.106,227.902,230.1,227.026,230.766,236.312,236.492,236.438,228.518,240.368,231.726,230.124,220.958,217.796,197.24,191.734,192.248
11.02.2021,189.86,189.454,188.872,190.266,188.074,189.124,205.73,224.522,243.588,251.706,245.984,241.144,245.076,240.398,227.104,222.766,223.126,221.854,221.79,217.83,213.708,190.688,185.886,185.966
12.02.2021,185.046,185.206,184.764,186.568,185.1,186.734,197.702,213.882,224.388,231.126,227.23,230.962,229.494,228.452,225.658,221.902,215.06,216.244,211.762,212.268,204.238,182.872,177.914,176.948
13.02.2021,177.548,177.344,178.792,175.762,175.632,179.094,185.376,188.166,189.302,194.766,192.962,193.692,195.63,194.518,192.208,187.892,182.514,183.528,178.3,179.228,177.018,174.972,173.562,173.158
14.02.2021,172.942,171.642,172.594,171.14,170.71,174.63,174.322,173.934,170.944,172.934,171.44,171.742,171.906,170.862,170.166,174.288,173.582,176.656,178.464,179.444,178.386,177.662,177.474,175.224
15.02.2021,175.948,175.51,176.808,175.748,176.33,181.418,189.092,203.494,210.072,220.932,215.86,226.242,228.986,241.472,243.778,239.914,240.56,237.758,236.098,232.544,227.25,207.902,199.49,197.68
16.02.2021,196.964,199.702,198.874,197.238,199.074,199.668,208.738,223.806,242.148,254.19,256.822,250.09,249.434,244.41,238.712,231.028,229.546,229.82,231.218,226.19,217.386,197.274,191.612,192.21
17.02.2021,192.904,191.286,191.874,192.114,192.44,194.942,206.804,225.26,234.358,249.496,251.198,243.422,246.102,245.214,226.62,226.324,228.394,226.618,231.012,227.852,224.552,201.11,194.744,195.542
18.02.2021,193.294,194.41,195.83,193.898,193.88,195.03,205.834,218.32,235.036,246.434,254.196,255.46,258.53,261.39,262.01,251.546,235.454,227.734,228.072,222.58,215.244,196.538,188.312,187.46
19.02.2021,187.558,187.776,189.352,188.092,187.466,191.042,197.736,215.238,225.196,221.952,231.646,247.464,251.388,242.488,236.782,232.652,229.242,225.408,224.168,221.88,215.802,196.42,189.932,188.132
20.02.2021,188.236,188.456,189.67,188.716,188.772,191.126,198.44,201.456,204.458,204.04,203.508,202.496,203.87,201.446,200.284,194.818,193.904,192.866,190.568,187.828,186.206,183.23,182.684,180.91
21.02.2021,181.03,181.548,180.328,179.698,179.876,182.13,181.89,180.974,179.982,178.252,177.04,174.758,175.734,173.354,171.414,174.288,172.496,176.982,179.162,181.262,178.242,175.754,176.144,174.958
22.02.2021,175.792,177.896,175.88,177.882,180.678,184.918,191.182,203.534,214.716,224.684,222.844,223.882,219.632,216.134,206.52,200.608,197.126,202.542,205.338,199.456,191.564,174.332,169.288,169.208
23.02.2021,169.27,168.214,168.84,168.974,169.706,170.97,179.184,194.676,210.328,213.994,211.166,211.854,223.344,224.348,225.794,224.072,215.008,208.15,203.938,199.078,190.816,171.582,164.54,164.32
24.02.2021,165.542,163.986,164.006,163.884,166.56,165.696,175.336,190.41,199.862,208.704,211.8,214.302,211.214,224.754,220.568,219.34,215.36,208.594,206.882,202.828,195.12,175.704,168.812,168.432
25.02.2021,169.478,169.218,169.34,169.67,168.712,169.1,179.828,189.206,199.292,192.35,194.184,196.44,197.976,195.198,192.044,195.654,195.624,192.196,191.15,187.31,181.108,161.552,156.672,156.742
26.02.2021,159.662,158.35,156.314,157.028,158.6,158.754,168.332,180.396,178.424,188.362,200.046,204.042,204.334,200.804,196.56,195.96,192.81,186.042,186.788,186.882,176.724,157.684,152.818,153.23
27.02.2021,152.046,151.108,151.69,155.07,153.356,155.4,165.278,164.394,168.338,170.722,169.4,169.438,167.194,166.444,165.004,157.576,156.796,160.12,157.136,157.242,160.842,157.206,157.268,156.138
28.02.2021,155.338,156.296,154.964,155.882,156.332,155.494,157.982,153.642,152.71,152.956,151.17,151.21,153.686,150.22,148.944,146.558,145.418,147.084,149.974,152.232,156.17,154.096,155.3,153.178
01.03.2021,153.34,156.096,154.384,154.454,155.768,156.34,165.562,179.242,196.794,204.658,204.342,202.062,204.57,201.124,195.188,188.682,183.564,183.708,183.78,184.476,180.928,162.882,159.67,158.862
02.03.2021,158.042,160.276,159.666,159.668,160.04,162.794,169.178,178.648,192.41,200.998,204.19,201.202,199.708,193.54,194.314,196.724,190.522,185.878,187.498,188.078,182.498,163.672,158.71,160.174
03.03.2021,159.076,158.816,159.084,161.244,159.702,161.22,170.476,180.126,198.414,207.272,210.33,208.99,211.478,208.312,199.568,199.53,201.032,193.936,192.912,187.424,184.816,164.796,162.206,162.334
04.03.2021,159.554,159.394,160.206,163.862,161.58,161.758,170.494,179.9,196.774,205.83,213.048,210.692,215.168,208.774,206.576,197.824,187.366,180.726,185.224,184.444,178.176,155.56,152.57,151.042
05.03.2021,150.926,153.25,152.786,153.856,152.936,156.202,162.158,173.198,192.856,195.272,197.728,199.056,202.786,200.106,195.46,194.042,191.762,182.258,182.096,182.798,174.836,157.442,153.136,153.032
06.03.2021,152.286,151.23,152.668,150.85,152.976,155.358,164.322,161.296,166.54,170.948,169.428,168.168,167.734,170.664,166.626,157.486,158.67,157.578,153.248,154.154,155.346,151.438,149.486,150.004
07.03.2021,149.216,148.944,150.256,149.034,149.348,149.05,151.24,146.566,147.474,148.446,147.452,146.87,148.638,148.4,145.784,147.326,149.704,148.902,154.622,155.08,155.172,153.27,151.38,153.486
08.03.2021,151.088,151.974,153.05,156.254,154.408,156.032,165.218,175.538,197.024,207.462,209.746,212.648,212.382,209.256,204.96,207.116,209.338,201.846,202.276,199.33,194.38,175.372,168.91,167.988
09.03.2021,167.738,168.922,169.156,171.196,171.55,172.158,182.256,188.868,204.67,211.336,213.944,211.022,217.248,210.714,206.672,205.644,202.764,192.85,191.638,192.248,188.56,169.084,162.052,161.934
10.03.2021,162.288,161.888,163.328,162.118,162.154,163.474,171.594,180.142,194.312,203.902,200.686,192.894,197.198,198.356,201.4,200.908,198.052,192.318,186.038,188.388,180.49,159.2,152.582,153.346
11.03.2021,152.3,153.062,154.37,151.728,152.43,152.36,162.186,170.64,183.746,190.984,192.164,192.09,188.128,188.652,183.432,187.754,192.662,180.362,179.162,179.884,173.842,153.108,147.976,148.506
12.03.2021,147.294,148.592,149.662,149.026,148.75,149.69,158.258,163.416,173.084,180.66,191.028,197.076,196.604,193.822,189.008,188.744,178.946,165.862,162.286,161.71,157.29,138.068,133.836,135.858
13.03.2021,134.518,133.9,135.24,133.632,134.028,134.73,142.87,140.362,145.592,148.69,148.774,149.594,149.52,149.774,148.008,140.402,136.546,134.548,133.22,134.996,134.086,131.988,131.378,132.44
14.03.2021,132.136,132.264,133.334,131.952,131.978,132.57,133.01,128.848,127.94,128.004,126.716,127.102,127.18,127.436,124.602,123.552,125.688,126.11,128.22,130.708,128.212,129.654,128.904,131.33
15.03.2021,131.26,129.994,132.488,132.45,133.614,133.982,142.948,153.784,168.378,173,175.312,182.378,183.234,181.8,175.896,170.018,170.286,160.948,164.166,168.336,160.844,138.906,134.802,132.58
16.03.2021,131.988,133.646,135.236,133.962,133.572,135.808,140.332,153.432,164.834,164.014,170.66,173.93,173.332,173.998,165.986,165.584,163.988,159.084,166.482,162.964,159.03,143.548,137.068,138.926
17.03.2021,138.534,137.362,137.53,136.726,139.144,140.358,147.354,164.514,176.616,182.252,193.498,192.926,183.6,182.518,178.764,182.05,175.906,167.312,170.862,174.756,170.584,145.03,137.832,139.544
18.03.2021,137.482,138.882,141.056,140.736,141.554,141.702,146.836,159.132,179.18,184.636,185.364,187.31,194.104,191.13,190.958,184.872,180.162,174.472,178.916,180.162,176.338,159.472,151.294,151.786
19.03.2021,151.894,153.516,153.072,153.076,154.134,155.332,160.286,174.376,189.298,194.432,199.102,197.518,192.324,192.166,189.484,190.886,186.754,179.48,181.29,180.266,176.524,159.94,156.948,158.98
20.03.2021,157.278,157.67,157.738,158.962,159.574,159.614,166.634,166.194,168.36,173.408,171.694,169.844,170.868,171.728,170,161.352,162.806,159,157.28,157.694,156.204,154.746,155.1,154.194
21.03.2021,153.718,153.708,154.218,153.032,151.526,154.234,151.544,147.308,148.826,148.992,149.96,150.754,146.418,145.134,143.326,146.182,145.374,143.556,148.328,150.328,150.622,153.562,151.498,151.838
22.03.2021,150.962,154.604,154.528,153.594,153.73,153.738,156.996,171.928,180.708,189.844,190.828,194.294,190.432,183.16,183.87,181.742,181.942,178.654,175.7,180.424,178.69,157.154,151.976,152.082
23.03.2021,153.072,152.16,151.454,152.91,150.698,152.294,158.45,171.642,184.062,180.312,187.086,185.454,184.956,191.02,186.236,179.664,176.706,171.712,173.2,173.38,167.71,148.468,144.454,142.458
24.03.2021,144.22,146.044,145.212,146.292,146.568,147.362,150.61,166.888,187.308,191.362,194.066,198.284,192.242,189.784,199.33,202.614,195.162,193.844,190.724,192.342,184.714,162.12,158.69,156.654
25.03.2021,156.776,157.092,157.564,156.436,156.186,158.068,161.672,176.862,200.712,207.58,210.872,212.256,208.508,204.428,205.962,197.412,190.548,187.09,189.414,188.708,184.422,165.826,158.724,158.83
26.03.2021,159.88,160.726,161.188,162.76,160.868,162.41,167.048,178.148,189.22,189.704,192.942,183.914,186.336,188.596,169.756,163.806,163.898,150.328,148.26,152.694,150.316,133.516,131.588,129.444
27.03.2021,130.944,132.902,131.966,133.148,133.934,135.396,138.312,141.644,146.02,146.52,150.05,151.346,151.096,149.722,149.11,143.56,140.05,142.664,135.52,134.918,134.53,130.392,130.25,132.762
28.03.2021,130.274,130.684,131.612,0,130.65,131.278,131.88,128.628,128.554,129.532,126.724,127.288,127.25,127.564,126.428,126.558,129.562,128.532,126.56,131.12,132.58,133.094,134.756,134.506
29.03.2021,136.072,137.656,136.13,136.728,136.818,134.552,135.022,158.942,184.524,201.194,208.014,206.766,195.404,195.3,195.198,188.192,187.468,180.626,178.43,177.318,176.744,159.978,149.298,149.606
30.03.2021,147.356,148.166,148.134,147.046,147.94,148.798,146.106,163.91,176.562,189.068,191.954,196.538,194.642,196.482,193.704,188.194,177.498,170.004,171.582,167.712,164.932,155.116,141.338,140.012
31.03.2021,142.124,139.384,139.544,141.276,140.098,139.892,140.466,157.388,174.17,183.72,194.76,186.366,194.712,196.166,193.028,186.206,188.43,174.684,170.42,169.482,166.02,154.68,145.97,142.688
01.04.2021,142.488,143.612,141.58,141.648,144.578,144.532,145.388,161.108,185.664,191.6,190.086,196.91,187.564,187.992,172.334,159.156,151.948,149.02,145.784,145.568,152.03,144.47,136.508,138.892
02.04.2021,139.21,139.768,141.244,139.88,139.918,141.752,138.252,146.61,152.778,152.482,149.822,150.264,147.964,144.904,142.304,141.342,138.554,139.996,142.204,142.872,149.33,142.51,134.556,135.44
03.04.2021,137.616,137.602,137.422,138.896,138.174,137.794,137.32,144.804,148.366,151.796,153.104,151.238,151.594,154.076,148.694,147.544,136.444,133.874,127.248,129.814,135.212,136.56,137.864,138.296
04.04.2021,138.17,137.988,139.448,139.16,139.25,140.558,138.706,135.146,137.026,134.288,134.118,133.87,130.254,129.94,128.072,126.476,125.72,124.408,122.576,126.126,131.424,136.286,135.622,137.266
05.04.2021,139.182,138.586,138.468,138.954,137.958,138.216,136.728,143.004,148.582,141.376,141.238,144.326,141.4,142.508,139.356,139.932,141.412,142.328,143.124,145.062,149.456,145.046,132.8,132.476
06.04.2021,133.518,133.63,134.69,135.892,135.356,135.996,133.35,154.484,182.886,195.444,214.334,214.17,205.908,198.168,199.208,205.616,191.682,180.998,181.394,177.206,180.008,172.766,160.004,160.964
07.04.2021,160.342,160.846,163.452,162.494,164.414,162.756,161.994,180.716,196.514,204.852,211.06,209.154,201.784,198.5,185.828,184.402,180.456,168.01,165.256,163.45,166.906,156.08,147.546,147.154
08.04.2021,148.694,148.738,147.626,146.876,149.378,149.334,148.192,165.098,182.926,199.1,214.134,211.586,201.848,196.018,191.242,184.83,176.888,170.252,162.888,162.362,164.23,151.102,142.846,144.066
09.04.2021,143.232,145.294,146.124,146.29,146.758,147.726,143.624,166.694,180.77,193.126,195.14,196.46,189.324,181.938,183.754,182.618,174.246,168.978,171.708,168.332,169.524,161.326,146.772,146.018
10.04.2021,144.92,147.642,146.274,145.976,146.826,145.702,144.678,154.816,157.316,162.578,161.66,162.128,164.45,164.02,159.262,154.922,144.814,142.726,134.408,135.378,140.352,141.132,141.284,142.43
11.04.2021,143.5,143.916,145.728,147.572,147.472,146.99,145.848,142.992,142.756,142.046,138.52,135.158,137.018,135.208,137.63,138.494,139.764,142.278,138.632,138.976,141.454,139.78,139.07,137.35
12.04.2021,137.424,140.702,142.202,141.458,141.298,142.262,136.732,149.474,163.292,172.234,177.136,177.664,175.106,172.494,171.54,167.754,163.87,161.824,160.782,150.964,157.186,150.378,135.7,131.804
13.04.2021,128.024,129.434,129.63,131.214,132.876,131.314,130.294,151.322,169.398,182.384,190.41,186.162,185.926,187.206,180.84,178.766,175.132,163.81,161.18,157.942,162.172,150.766,140.622,142.566
14.04.2021,141.53,142.716,144.724,142.414,142.288,144.146,142.516,158.424,168.792,179.5,186.628,176.432,174.222,173.688,172.84,168.768,165.524,161.392,157.954,158.166,159.056,148.396,137.076,137.206
15.04.2021,137.33,139.116,139.046,140.172,142.33,139.932,136.34,157.334,173.518,183.8,187.348,192.654,187.464,180.396,182.62,174.914,172.858,164.782,156.794,155.936,155.772,147.388,136.708,136.324
16.04.2021,135.364,136.314,136.328,138.74,138.508,138.784,134.964,152.03,166.77,166.884,170.516,178.642,175.624,176.822,168.754,165.84,158.84,149.284,151.976,152.428,152.998,146.412,137.296,137.02
17.04.2021,137.136,135.65,134.35,132.956,130.138,129.774,126.628,137.144,143.472,150.504,154.39,147.118,144.794,148.852,147.45,141.88,137.76,131.44,126.76,128.646,130.312,130.46,129.402,134.094
18.04.2021,129.476,133.236,131.678,127.766,128.654,127.486,124.592,123.906,127.43,132.044,127.968,127.684,129.022,128.134,128.902,127.232,123.318,125.998,126.474,128.12,130.654,127.94,130.324,130.588
19.04.2021,131.464,131.276,125.498,128.606,131.33,128.32,126.12,145.298,160.76,174.252,176.094,176.472,173.862,170.358,168.316,163.488,161.952,158.174,151.116,146.99,144.942,138.652,124.252,124.564
20.04.2021,131.504,129.386,128.078,130.234,126.044,125.73,123.954,145.854,158.682,171.54,174.404,168.32,169.786,171.88,164.056,162.474,164.756,153.83,152.104,151.818,154.742,141.454,127.368,128.946
21.04.2021,129.354,131.158,131.546,130.836,130.756,130.964,129.284,145.766,164.02,172.566,182.736,182.498,177.968,177.13,167.208,169.708,166.836,159.902,152.152,151.154,147.682,135.022,125.46,124.932
22.04.2021,124.122,126.508,125.85,126.734,127.768,126.864,125.08,144.326,165.29,172.216,174.662,178.386,176.836,172.98,167.072,168.324,164.014,158.16,155.86,148.918,149.058,141.084,133.496,133.296
23.04.2021,132.938,134.828,134.574,134.914,137.124,132.728,130.98,156.02,175.286,179.172,182.646,188.632,180.212,178.868,178.43,180.628,172.996,161.706,159.558,158.414,159.91,149.198,139.1,138.784
24.04.2021,139.342,139.826,139.554,140.212,139.72,136.188,136.322,145.502,151.686,151.698,152.816,149.99,148.378,150.832,150.382,143.52,139.888,137.74,131.146,131.424,134.004,136.886,137.278,138.832
25.04.2021,137.33,136.394,139.89,137.248,137.83,135.172,134.922,133.452,134.466,136.032,135.78,134.33,134.828,133.48,132.748,134.092,130.302,132.326,130.684,132.268,131.938,135.316,138.268,136.65
26.04.2021,136.6,137.62,138.872,139.396,138.44,137.556,135.782,159.358,175.03,182.462,190.164,196.244,187.712,190.592,186.422,179.36,170.072,162.198,161.268,158.686,158.332,149.482,138.29,138.086
27.04.2021,138.4,138.012,140.422,141.352,140.538,136.07,134.846,155.436,169.724,185.968,202.428,204.382,197.042,199.734,192.154,179.838,172.348,163.59,159.234,158.316,158.106,150.584,140.334,138.948
28.04.2021,140.53,141.224,141.452,142.922,141.494,139.022,140.03,158.334,171.196,182.052,188.586,190.384,185.466,182.004,180.124,180.146,171.206,155.984,153.614,151.648,151.086,142.874,133.944,134.452
29.04.2021,133.87,134.618,135.038,135.63,136.77,135.266,134.404,155.584,169.902,175.86,183.07,190.834,186.68,189.626,190.932,178.658,172.952,163.482,160.784,153.514,149.052,140.034,128.348,126.724
30.04.2021,127.522,128.584,128.688,129.432,128.122,125.784,126.524,150.96,168.688,181.038,183.978,194.366,190.61,192.706,172.208,157.154,147.434,144.076,142.806,141.592,142.144,138.526,129.892,130.934
01.05.2021,132.1,130.496,131.978,131.328,133.354,128.964,127.512,139.976,144.036,145.692,145.532,144.472,147.532,149.094,151.502,142.794,137.266,137.42,132.286,129.598,129.996,130.816,129.702,130.952
02.05.2021,131.306,132.138,133.398,133.692,134.418,130.666,129.434,128.47,128.53,128.37,125.328,124.23,124.716,122.284,120.956,124.288,122.846,123.32,122.194,123.146,123.544,127.424,131.098,128.65
03.05.2021,128.606,130.254,129.112,129.088,129.926,129.686,127.26,142.9727,148.816,147.204,146.935,150.2414,150.4756,150.121,149.7469,149.3258,148.2559,145.36,147.046,146.04,143.5726,141.2229,130.962,131.322
04.05.2021,132.436,131.564,131.576,132.512,133.02,127.326,127.474,140.3337,143.71,142.756,143.0414,141.9686,142.641,146.5491,146.9271,146.161,145.5717,145.806,142.044,143.04,144.3034,135.6401,127.7683,129.276
05.05.2021,128.966,128.93,129.124,132.79,132.16,128.644,130.572,152.9334,172.152,186.32,193.1254,185.681,187.3851,183.4445,180.7911,181.5005,172.9244,159.658,155.146,150.688,147.6852,140.5102,126.4518,127.97
06.05.2021,128.028,130.35,128.932,130.664,132.15,125.058,124.49,149.6716,161.668,175.358,183.4033,186.3027,187.9532,184.6517,183.0131,179.4499,177.6624,167.5,158.386,155.064,151.8693,145.1703,135.8025,134.422
07.05.2021,133.856,135.214,134.304,133.372,134.204,131.954,131.304,152.3462,165.146,171.692,180.3801,179.8594,181.0304,184.9776,175.6822,173.434,171.1558,158.644,156.15,152.902,145.849,139.2013,129.5565,130.078
08.05.2021,129.38,130.964,131.782,132.178,131.652,129.352,129.572,145.716,157.426,165.964,172.428,170.654,179.732,174.214,153.874,147.164,132.436,132.008,124.226,122.184,121.346,122.676,127.382,127.074
09.05.2021,128.294,129.968,130.254,131.084,131.66,125.668,124.502,128.27,132.124,131.242,128.798,130.508,127.06,127.138,131.784,130.118,130.716,132.522,128.256,126.468,126.156,129.732,129.938,129.966
10.05.2021,131.346,129.024,129.628,132.476,129.22,124.174,123.262,144.5007,158.988,175.7,193.6989,189.2717,192.0978,193.8282,190.3837,189.2521,182.7857,171.974,171.234,164.736,156.4526,147.4606,129.1232,129.302
11.05.2021,128.832,127.858,128.184,131.974,131.708,128.598,131.006,145.3441,163.74,172.932,180.5392,190.3186,194.6726,194.2624,195.7783,191.6584,184.8433,180.26,173.64,168.242,166.4538,149.6246,135.8079,137.866
12.05.2021,138.742,134.468,130.298,134.862,133.846,128.276,127.65,146.8744,165.51,184.15,195.7721,194.3787,192.641,198.9338,190.9479,190.1769,190.8161,183.57,173.862,168.436,162.7558,144.3509,131.3372,134.382
13.05.2021,129.972,126.512,131.864,130.494,125.83,123.096,122.512,142.9738,155.824,177.934,193.8082,195.2525,188.7126,190.4861,181.6791,179.2501,168.8014,159.868,159.394,155.768,150.691,140.9229,128.4304,123.528
14.05.2021,123.014,123.342,124.786,123.794,120.126,115.128,119.666,141.3484,160.054,175.96,186.8088,184.359,187.9445,193.0351,184.2225,168.493,164.6814,149.314,148.628,146.248,136.6682,130.9564,129.5972,128.374
15.05.2021,124.828,124.918,123.086,123.24,120.438,113.244,113.966,123.1,132.456,136.262,137.106,140.996,141.174,137.652,137.462,141.09,131.382,128.258,117.336,119.974,121.844,119.542,115.524,118.516
16.05.2021,113.694,111.474,112.244,111.052,112.822,109.702,113.892,116.972,122.164,120.814,120.366,122.034,124.236,120.496,123.444,126.088,124.744,130.5,124.414,128.69,124.858,127.426,126.498,124.796
17.05.2021,121.146,126.544,124.052,122.622,122.412,115.3,113.964,137.7384,156.176,164.702,178.9287,179.0604,179.6252,188.8763,177.8835,170.6997,167.1095,153.916,157.49,150.728,144.3519,136.4258,125.7261,122.644
18.05.2021,121.646,122.188,124.836,122.554,120.33,116.62,119.734,138.4901,152.38,164.242,175.318,180.5928,178.2544,185.9393,184.6995,184.582,175.0729,169.706,165.3,156.404,151.8971,144.6829,134.9285,132.708
19.05.2021,133.546,135.536,134.98,133.408,131.608,129.498,126.956,142.532,162.574,171.718,180.1337,190.9927,182.2698,189.0227,186.6999,179.1042,179.4892,178.058,164.04,156.69,162.1624,147.9321,135.6134,131.426
20.05.2021,132.792,130.09,133.368,133.148,130.776,129.03,129.644,148.7093,163.41,181.638,188.5445,195.015,191.3811,194.3501,193.097,183.8981,176.4118,170.184,166.646,159.576,152.9439,143.3053,132.2947,130.814
21.05.2021,128.488,130.842,132.99,130.898,127.91,124.864,123.748,147.9639,171.434,184.25,190.5684,192.1164,189.0025,190.6766,178.5934,177.2856,175.9166,163.488,167.464,164.908,155.4546,147.8508,133.9387,130.364
22.05.2021,128.762,126.836,127.244,127.716,127.754,124.028,124.286,138.532,145.772,149.658,154.79,157.008,152.8,153.806,154.224,154.192,153.96,146.274,140.204,135.88,133.242,138.592,136.718,136.572
23.05.2021,136.006,133.292,132.012,129.898,128.248,125.006,119.026,120.914,123.052,121.846,128.224,132.438,128.722,129.628,133.678,129.63,123.226,123.708,125.842,121.728,123.092,124.5,122.368,121.194
24.05.2021,120.682,122.85,123.488,123.304,124.884,120.454,121.524,141.9009,161.164,186.452,195.5854,194.0781,194.7072,193.0631,186.6089,182.7638,173.1028,165.766,160.138,163.082,151.8751,140.2973,127.1627,126.472
25.05.2021,127.356,131.636,130.03,129.088,127.756,124.26,124.488,148.9423,164.286,172.336,183.8728,192.1126,193.9655,190.1542,175.7884,170.6332,166.4255,165.286,160.592,150.302,175.0691,140.5538,131.848,132.506
26.05.2021,130.746,129.476,133.03,132.262,131.348,130.562,129.2,150.3954,170.986,189.298,196.1145,200.4151,199.3799,200.0747,206.8148,201.4515,183.6612,178.012,181.716,175.97,168.1651,154.5419,139.5982,138.84
27.05.2021,136.806,137.42,140.088,138.636,135.54,131.06,132.322,156.1373,174.578,193.654,207.6957,215.9467,207.4439,212.3019,207.3966,198.3567,187.2681,172.36,168.828,168.79,157.024,139.8436,134.477,131.562
28.05.2021,130.402,129.72,126.814,126.396,125.098,121.98,122.75,140.5859,166.354,183.706,184.4714,195.2144,186.9648,183.2975,181.8643,175.5765,176.9098,165.052,158.792,154.85,154.0379,139.8775,131.4009,128.25
29.05.2021,129.356,130.67,125.818,123.116,116.684,115.242,113.626,124.786,133.356,135.304,135.952,138.578,140.866,146.698,144.914,145.15,141.062,138.686,132.312,132.044,125.182,121.754,122.832,126.404
30.05.2021,125.308,121.692,120.644,117.682,118.892,114.914,114.3,119.446,125.802,129.426,131.162,130.522,128.33,124.454,127.174,128.11,126.848,127.72,123.612,125.492,125.794,130.982,128.21,122.13
31.05.2021,123.028,119.134,119.424,117.808,114.488,113.334,114.564,138.8068,164.258,182.974,194.6118,198.5124,198.6505,193.9095,208.1833,209.9933,203.8461,196.622,190.986,185.436,181.181,170.5101,138.2783,133.222
01.06.2021,133.846,133.202,132.116,132.454,130.52,129.168,132.544,174.722,200.758,217.876,222.454,219.998,213.722,209.008,207.854,205.73,198.082,185.41,181.348,177.208,170.448,168.482,137.042,136.874
02.06.2021,133.27,136.634,132.74,127.8,128.666,124.65,126.196,169.072,191.014,214.776,218.998,215.486,215.936,220.032,221.35,216.806,201.582,188.906,189.398,177.464,175.006,166.372,136.45,134.66
03.06.2021,130.194,131.412,133.262,132.144,131.674,129.004,133.916,175.202,198.556,212.732,216.442,228.99,223.736,223.204,221.386,213.89,207.534,197.262,193.738,195.562,185.598,175,143.888,137.388
04.06.2021,139.734,138.45,137.748,135.732,131.368,131.09,133.466,170.78,194.146,199.334,215.262,224.32,224.488,219.424,221.784,216.992,208.534,206.442,206.144,199.328,189.966,174.64,141.482,136.074
05.06.2021,134.606,135.836,138.474,136.186,136.938,134.57,137.718,171.472,185.052,175.398,179.662,184.436,182.476,178.224,179.96,177.748,140.02,131.1,129.38,127.808,127.546,123.642,125.948,127.664
06.06.2021,129.084,127.07,127.494,129.362,128.598,121.494,121.094,122.598,128.308,120.598,123.606,122.788,125.102,127.726,126.146,127.674,129.73,134.902,129.108,129.68,128.298,124.952,123.328,124.522
07.06.2021,129.392,129.902,130.974,131.076,130.566,124.212,131.46,163.856,187.888,202.366,219.478,221.088,227.294,224.324,222.912,217.49,210.05,208.956,204.95,200.642,190.29,172.768,134.67,130.912
08.06.2021,132.248,129.718,132.336,131.304,125.668,122.936,124.866,163.454,179.754,197.842,207.516,212.908,203.96,211.236,209.5,207.306,198.334,199.57,196.12,188.192,175.154,163.798,128.57,129.766
09.06.2021,128.178,129.372,130.034,129.942,128.38,126.798,128.988,165.774,180.924,198.212,204.382,203.242,208.058,203.846,197.998,201.826,202.194,198.412,198.716,188.626,173.962,164.564,130.9,124.936
10.06.2021,126.942,126.938,131.474,126.198,123.878,122.618,120.922,168.76,174.936,195.68,208.43,213.19,223.556,239.11,238.852,238.062,230.87,227.306,217.856,209.658,190.748,178.248,136.048,128.068
11.06.2021,125.656,128.318,128.524,128.802,126.51,124.264,127.442,166.39,190.852,222.058,241.142,246.336,245.076,250.914,237.246,213.112,209.994,223.994,221.228,219.774,202.072,189.828,135.944,127.818
12.06.2021,130.462,128.924,127.656,128.676,122.598,122.522,125.986,161.676,175.476,184.018,199.424,208.716,209.04,206.726,204.194,182.902,135.228,125.738,130.564,126.964,124.014,125.086,127.064,126.276
13.06.2021,126.458,126.918,127.226,128.468,125.428,121.6,120.62,124.778,122.286,122.224,120.906,121.766,122.082,128.2,128.194,129.152,130.23,128.832,126.468,125.758,126.212,124.136,126.98,132.058
14.06.2021,127.512,126.766,127.85,126.444,122.41,119.164,124.006,168.786,181.884,204.802,213.602,214.992,220.246,220.484,222.328,222.626,222.908,218.722,218.206,215.032,197.678,182.304,130.454,126.264
15.06.2021,125.862,124.042,127.212,128.422,127.718,124.48,126.716,172.308,193.028,208.346,218.05,214.41,224.564,230.32,237,226.418,211.33,207.096,193.584,184.694,175.284,168.404,130.824,125.208
16.06.2021,123.582,131.098,123.532,121.826,118.284,118.082,119.282,171.234,189.664,207.906,199.754,210.152,211.274,221.528,233.71,233.056,221.056,217.082,215.296,209.732,201.46,188.488,135.768,130.57
17.06.2021,127.718,130.026,131.936,127.514,132.1,127.832,130.842,177.034,202.302,226.676,235.006,243.352,242.384,249.988,250.072,249.14,242.062,232.954,231.538,226.118,213.99,204.842,140.892,132.556
18.06.2021,133.9,131.772,131.096,132.29,126.342,124.942,125.652,171.836,201.518,231.9,243.434,247.346,255.46,264.4,266.332,258.134,267.402,261.174,254.718,247.58,236.824,222.114,148.166,136.42
19.06.2021,134.724,131.486,129.818,134.67,131.998,133.036,136.762,186.26,226.776,247.724,260.97,266.118,269.004,268.116,266.658,261.51,178.518,162.51,158.564,156.126,154.81,151.65,144.424,141.036
20.06.2021,137.702,142.902,140.412,137.236,134.336,134.848,131.066,137.192,141.42,145.324,150.794,153.452,156.054,157.442,161.246,161.342,161.534,163.496,160.256,158.716,159.374,156.634,148.506,144.93
21.06.2021,144.662,145.754,143.396,142.42,140.238,132.696,138.284,228.792,285.124,292.22,303.01,246.564,303.348,266.538,286.828,282.07,276.292,275.618,269.29,265.76,252.738,241.45,156.698,145.164
22.06.2021,142.79,141.146,137.84,137.176,128.962,133.338,136.31,184.034,220.704,243.928,256.456,269.55,270.138,266.926,263.566,263.99,262.662,251.072,249.804,254.77,242.604,230.076,149.898,142.612
23.06.2021,139.91,137.878,136.346,135.266,132.408,131.216,135.154,188.78,208.404,153.972,148.02,146.016,146.272,149.728,149.616,150.186,150.268,151.968,148.074,149.622,148.786,145.362,139.154,138.708
24.06.2021,137.792,136.184,132.138,131.828,123.748,126.66,126.31,163.3,169.704,135.748,128.602,132.238,132.666,134.344,135.28,138.142,137.356,140.242,142.014,140.338,136.966,133.686,127.552,128.756
25.06.2021,128.022,129.294,126.812,128.208,128.512,126.114,126.804,166.912,176.222,139.27,134.304,133.942,132.638,132.504,133.234,132.672,137.536,141.298,139.542,137.818,138.838,134.99,129.576,132.78
26.06.2021,131.792,133.024,173,173.916,168.48,166.132,164.676,165.97,173.034,184.314,185.492,189.832,200.136,203.386,199.182,198.198,202.23,200.702,202.584,198.33,137.094,128.018,129.408,125.584
27.06.2021,124.37,125.202,122.496,123.288,126.34,121.814,124.91,124.82,129.914,128.544,128.132,131.298,129.092,130.83,135.804,133.628,135.034,134.35,132.002,132.034,130.914,132.43,128.794,128.638
28.06.2021,130.064,169.606,173.298,171.562,166.332,165.268,167.808,172.98,192.812,218.396,226.062,237.956,232.696,236.622,238.992,235.272,226.23,223.676,214.574,206.766,204.744,190.508,136.436,133.096
29.06.2021,129.352,128.548,131.684,128.862,130.38,167.638,179.8,182.204,206,230.5,237.602,239.3,235.756,245.828,237.15,240.934,228.188,226.096,217.166,212.868,205.884,194.438,140.364,132.382
30.06.2021,132.704,132.99,130.048,129.708,124.612,154.064,167.988,181.494,207.3,226.902,239.114,242.096,238.058,245.92,260.404,254.846,244.028,234.858,229.88,224.934,221.268,209.002,141.066,133.178
01.07.2021,130.156,130.75,128.546,127.336,126.308,163.32,180.396,188.948,230.054,247.074,252.3,263.292,266.548,262.208,263.872,263.976,263.86,247.212,241.932,236.198,226.358,221.014,154.648,140.142
02.07.2021,135.764,134.148,134.94,133.928,126.328,130.344,165.41,186.042,213.838,244.714,259.192,259.276,256.664,266.37,264.342,260.09,263.086,244.424,229.266,216.27,211.95,206.4,145.004,128.786
03.07.2021,130.032,132.606,129.954,127.452,131.928,165.774,172.228,182.302,199.646,207.202,212.078,215.366,211.844,212.444,207.182,208.814,214.922,208.076,202.9,202.038,144.374,129.156,130.64,127.386
04.07.2021,129.826,127.93,128.86,128.706,124.44,123.142,122.4,123.582,129.522,133.708,134.344,135.044,136.288,141.084,138.048,138.35,144.122,138.548,139.052,139.448,133.81,132.476,127.814,130.906
05.07.2021,126.732,127.128,127.458,172.388,195.18,193.15,192.124,198.23,215.186,238.996,250.104,252.408,243.804,246.772,249.952,252.79,244.316,234.474,225.386,224.492,217.808,211.782,151.486,134.32
06.07.2021,135.33,131.908,133.012,134.266,127.152,130.796,171.19,187.666,208.338,223.21,233.628,264.788,260.892,271.61,267.296,213.562,230.128,245.078,255.768,246.472,232.498,222.626,156.566,136.54
07.07.2021,137.544,134.674,135.508,130.838,128.156,130.272,172.206,194.068,236.338,258.472,266.77,274.25,274.856,280.234,274.75,279.682,284.714,277.15,277.82,270.618,256.194,245.38,168.538,143.686
08.07.2021,141.26,140.672,142.142,140.108,137.496,138.726,186.22,211.83,251.522,278.15,293.538,290.736,277.852,271.748,274.102,262.956,247.052,220.784,225.134,220.186,214.988,208.018,151.218,136.658
09.07.2021,134.22,133.144,133.058,137.322,132.202,132.35,183.174,204.952,243.962,267.138,282.012,285.344,284.974,285.552,283.026,288.084,282.648,279.862,168.496,133.854,127.934,124.436,123.552,123.27
10.07.2021,119.016,120.62,116.646,116.374,114.824,108.092,109.382,108.44,112.174,114.834,117.766,125.498,129.216,130.742,129.226,133.188,131.718,127.744,127.834,124.226,122.16,121.072,116.464,112.49
11.07.2021,112.238,108.9,107.24,109.358,104.39,102.39,102.6,101.984,104.306,105.306,105.246,110.124,112.382,114.662,111.808,112.248,115.076,114.984,115.25,113.198,109.602,109.244,109.012,108.472
12.07.2021,107.8,108.534,107.522,108.236,105.664,103.232,102.426,107.204,163.798,246.196,266.682,278.79,281.632,284.656,290.288,286.558,212.204,202.614,198.098,192.422,194.534,192.082,149.41,139.492
13.07.2021,138.118,134.672,134.942,133.422,134.77,135.618,159.654,171.604,190.05,201.6,213.946,216.378,217.658,227.704,229.316,231.932,223.206,216.286,208.36,204.75,195.788,186.48,146.398,135.406
14.07.2021,135.132,135.098,134.298,135.984,133.11,133.078,148.216,164.214,190.084,201.124,212.066,217.118,228.336,247.9,249.278,248.184,219.514,193.68,193.762,191.416,190.402,186.63,151.198,143.49
15.07.2021,142.864,141.96,141.638,141.396,141.516,139.7,159.508,173.846,208.52,224.474,230.222,226.668,235.266,241.402,244.524,245.592,236.638,236.62,233.776,226.774,217.816,214.258,167.972,152.864
16.07.2021,150.742,152.396,148.69,147.744,145.014,144.552,171.442,190.428,210.642,231.294,237.86,236.232,237.106,239.346,230.612,228.26,228.304,216.618,214.812,209.418,201.352,196.312,158.732,150.568
17.07.2021,149.226,144.344,145.84,141.5,144.672,167.866,170.224,172.92,182.016,188.754,196.966,198.652,197.39,200.696,195.036,189.25,194.71,194.594,188.074,187.726,156.056,143.542,138.688,138.352
18.07.2021,137.116,135.61,131.614,135.81,130.852,125.06,129.268,128.302,137.332,140.97,143.054,146.292,150.436,156.652,159.308,156.532,154.608,151.92,151.994,152.16,144.168,144.188,140.226,142.61
19.07.2021,141.326,142.03,137.314,157.332,165.34,153.616,149.056,156.574,168.724,184.674,184.372,194.766,192.406,198.252,196.138,198.896,201.042,199.488,193.096,188.544,178.508,168.504,147.104,144.248
20.07.2021,139.688,139.028,141.872,139.608,137.764,136.286,143.972,148.762,171.62,186.058,191.564,197.72,201.27,206.368,205.74,199.116,197.964,198.216,194.554,185.602,183.284,169.924,141.514,139.468
21.07.2021,140.464,139.328,144.032,139.548,141.318,134.902,151.008,155.344,172.898,193.144,189.536,194.61,189.812,192.46,194.636,193.814,188.544,183.834,185.032,182.888,171.352,158.384,143.694,138.032
22.07.2021,137.796,138.4,138.69,136.514,137.036,133.09,142.994,151.26,166.69,179.132,189.5,193.978,194.952,202.22,205.094,204.198,198.68,195.702,186.558,181.768,179.404,173.416,144.344,137.948
23.07.2021,137.694,134.668,138.382,139.576,134.504,135.084,145.534,156.08,178.44,186.46,191.11,197.744,192.954,197.56,197.724,190.994,182.504,181.424,179.326,173.302,164.622,158.12,142.298,140.002
24.07.2021,137.308,143.154,139.192,137.396,138.77,144.304,148.118,151.492,168.524,171.592,169.088,174.814,167.866,164.948,164.37,164.796,166.984,170.462,169.536,163.08,144.076,133.77,134.576,134.88
25.07.2021,132.466,133.244,128.362,128.426,132.646,126.644,126.56,129.354,138.898,135.586,139.54,138.934,138.394,142.144,143.252,143.354,144.476,145.674,141.01,148.026,144.412,141.036,138.46,134.322
26.07.2021,134.286,138.162,134.652,146.444,149.88,147.148,149.406,157.436,178.464,198.768,217.88,220.686,216.756,227.524,231.036,225.446,223.248,217.686,213.772,207.35,202.494,191.896,154.76,142.996
27.07.2021,143.982,141.25,140.074,139.228,137.878,137.682,156.884,168.082,189.042,209.25,214.36,205.58,194.128,201.596,198.038,193.534,190.02,188.124,179.922,178.042,175.068,177.392,148.662,135.962
28.07.2021,136.26,136.812,136.79,134.444,136.924,132.76,141.054,158.398,177.078,194.452,197.426,204.638,204.336,214.492,214.94,210.408,185.448,185.692,183.334,174.478,178.388,172.242,144.474,134.992
29.07.2021,136.744,133.334,136.528,133.158,136.556,133.954,146.91,153.532,183.438,199.234,215.414,216.16,210.988,210.872,204.4,206.938,202.49,193.142,179.416,173.906,173.888,166.924,143.916,134.588
30.07.2021,132.642,135.2,132.76,130.554,136.654,130.474,139.748,147.718,169.22,179.248,186.06,185.136,179.404,181.806,188.072,182.716,175.856,167.754,153.414,150.944,150.396,146.458,133.756,130.98
31.07.2021,128.406,134.32,133.1,133.974,135.45,143.898,145.264,142.176,151.902,156.572,162.64,167.4,169.662,168.028,169.048,175.906,176.2,177.368,173.676,169.428,146.524,135.162,134.844,129.044
01.08.2021,129.17,130.658,132.32,131.118,130.572,124.62,125.156,128.898,129.488,130.004,130.892,133.51,133.776,134.488,134.036,135.46,138.722,140.21,137.87,136.002,132.99,132.416,134.282,128.966
02.08.2021,131.134,131.56,129.224,143.008,147.082,143.822,143.976,147.798,171.51,186.854,185.804,182.688,187.486,193.616,188.874,185.842,181.538,179.964,159.314,153.326,152.498,147.072,134.932,127.768
03.08.2021,126.896,131.962,125.6,126.93,130.402,126.914,136.412,148.276,156.556,171.554,175.124,177.532,184.314,180.08,183.478,180.368,172.568,167.59,155.734,152.868,151.242,148.032,136.418,131.124
04.08.2021,129.968,129.04,129.812,132.058,128.932,131.8,144.018,149.226,170.448,187.784,190.092,199.67,193.502,191.352,188.12,188.702,185.432,178.144,173.91,168.998,161.954,153.19,137.206,130.926
05.08.2021,133.222,128.45,128.02,131.302,130.974,123.474,136.6,143.308,167.242,172.364,183.532,187.948,186.626,194.092,188.928,185.322,178.81,172.02,170.51,169.352,158.492,151.048,132.95,127.134
06.08.2021,127.916,132.772,127.454,129.056,131.79,130.63,138.858,148.038,157.616,185.962,180.144,174.326,174.568,187.798,185,174.582,176.516,171.214,164.36,159.904,157.71,148.758,135.17,134.32
07.08.2021,132.364,131.286,132.006,130.996,131.448,138.192,144.048,143.46,147.934,153.472,157.15,156.746,161.062,162.256,159.808,158.728,161.42,162.27,157.308,150,138.49,129.816,134.098,129.116
08.08.2021,128.546,134.666,132.546,132.738,129.834,129.59,128.176,128.258,131.626,136.076,136.75,132.98,137.58,136.288,142.83,138.76,134.534,132.502,134.29,129.448,131.924,133.008,137.064,135.568
09.08.2021,136.16,134.26,133.404,145.098,144.152,142.848,140.96,148.298,166.296,180.652,185.074,182.154,177.648,185.86,184.024,174.32,170.39,162.004,158.59,160.526,151.296,144.748,136.956,132.064
10.08.2021,130.64,130.974,130.36,131.34,133.468,128.054,140.416,150.488,160.29,180.246,181.23,188.02,186.99,189.14,195.416,188.454,173.082,165.634,164.8,156.822,155.712,155.854,137.67,135.404
11.08.2021,136.712,128.726,130.69,132.156,129.504,126.678,138.72,147.842,160.61,173.36,174.62,181.172,175.69,185.272,185.296,183.756,175.65,162.856,156.18,152.08,145.894,147.008,134.138,130.72
12.08.2021,129.716,130.11,130.06,132.324,131.61,136.44,142.624,153.28,168.814,185.366,185.198,190.12,182.434,178.274,179.206,179.928,172.366,172.91,173.134,166.718,156.706,155.058,136.762,137.138
13.08.2021,137.994,133.332,134.014,132.5,128.232,125.94,139.484,145.622,172.15,176.256,188.71,191.172,183.666,192.946,190.83,188.16,181.73,178.442,170,164.272,164.736,156.732,134.628,131.066
14.08.2021,128.044,129.086,130.614,131.588,134.142,146.078,147.24,143.54,152.302,158.482,158.922,159.612,163.05,164.27,166.344,169.184,173.256,166.754,161.85,157.834,140.126,131.588,133.848,136.778
15.08.2021,135.21,133.746,132.94,133.782,130.454,125.51,125.616,125.892,129.334,129.74,128.756,127.476,127.332,135.488,134.36,136.076,138.214,136.428,136.636,132.636,132.664,129.294,132.342,130.998
16.08.2021,135.324,129.78,130.962,145.652,150.208,145.25,145.996,152.878,161.612,183.528,193.512,195.958,193.362,205.016,205.192,196.76,197.088,182.536,172.724,164.528,158.854,153.264,141.382,140.174
17.08.2021,135.014,138.166,138.328,136.004,131.738,134.6,142.768,149.052,172.702,182.276,184.29,185.522,189.3,189.27,191.496,188.518,177.074,163.28,157.414,152.554,153.514,153.322,139.928,137.202
18.08.2021,137.464,136.52,137.042,139.076,137.674,144.69,148.584,161.332,171.316,181.476,194.11,193.42,186.08,198.874,190.504,187.06,175.234,168.554,163.278,158.068,155.64,155.168,141.452,136.508
19.08.2021,134.744,133.998,140.394,138.096,136.838,135.232,146.896,156.914,167.93,173.338,183.022,189.538,191.942,192.984,188.382,181.936,172.29,160.454,157.41,148.39,147.514,147.86,134.828,131.488
20.08.2021,133.17,131.946,128.506,129.008,132.866,131.696,147.162,156.19,180.306,181.932,193.596,184.102,178.114,179.204,182.292,180.8,179.318,166.606,162.46,154.04,148.582,148.154,141.25,133.442
21.08.2021,134.888,136.458,135.466,134.196,130.858,138.618,139.374,142.216,144.462,145.76,147.782,150.58,150.204,148.896,148.858,142.816,143.026,145.592,140.492,143.11,131.632,128.748,129.25,129.46
22.08.2021,130.654,124.642,124.684,126.412,125.38,120.998,120.182,121.738,128.956,130.642,128.038,134.348,135.462,136.506,135.822,136.114,142.702,139.35,136.914,136.514,133.718,132.678,135.254,130.728
23.08.2021,130.302,129.764,126.74,141.014,141.108,141.994,139.662,147.074,170.586,185.006,181.802,187.406,183.556,183.434,183.878,178.782,171.148,167.89,161.648,153.41,152.776,149.624,134.83,129.384
24.08.2021,130.978,134.552,131.724,130.786,131.312,133.186,145.662,150.832,169.262,185.994,189.71,186.244,185.374,186.972,183.696,182.3,179.026,167.54,159.718,157.018,153.274,151.328,135.934,132.962
25.08.2021,132.14,134.126,132.156,130.95,122.314,121.356,131.792,144.646,168.954,173.052,186.836,186.862,190.358,194.11,192.076,185.086,181.916,177.576,166.352,159.688,158.102,154.566,140.934,136.14
26.08.2021,139.97,135.158,136.606,136.446,137.872,139.066,152.982,165.726,178.496,199.546,202.766,211.902,200.06,200.472,193.742,193.99,183.718,175.474,169.398,161.028,160.142,158.552,143.466,143.51
27.08.2021,140.968,143.04,144.902,143.304,137.942,139.028,150.142,160.81,175.816,184.708,196.816,196.638,192.744,198.138,182.812,183.444,178.056,168.866,163.458,157.822,155.556,156.602,144.794,140.07
28.08.2021,139.434,141.158,141.826,139.428,146.206,152.282,155.334,155.502,155.748,158.314,159.048,164.018,158.608,158.166,159.362,159.688,155.686,159.204,157.826,156.076,142.466,139.392,139.438,138.208
29.08.2021,141.752,142.504,141.708,141.904,135.844,135.944,133.194,131.916,132.182,140.968,131.642,136.834,133.99,135.69,132.852,132.482,134.982,134.652,132.444,137.816,132.716,134.218,139.318,137.724
30.08.2021,140.472,140.08,138.718,150.894,156.126,158.936,156.654,167.746,180.964,187.88,206.144,200.826,200.682,199.686,195.29,181.182,180.444,172.712,167.388,162.284,155.624,154.27,140.15,140.226
31.08.2021,138.722,134.524,136.142,136.074,134.444,135.408,142.686,153.858,167.276,201.474,198.436,214.124,205.036,209.8,203.106,192.582,188.048,180.752,181.584,175.162,174.566,171.15,141.476,136.408
01.09.2021,135.534,133.164,135.336,135.586,139.492,139.242,164.356,182.598,201.984,211.132,218.244,218.016,213.136,229.384,220.952,218.158,208.128,191.32,187.916,182.754,178.676,184.026,150.37,147.786
02.09.2021,148.056,144.774,141.366,142.142,135.056,137.856,162.97,183.188,209.778,217.614,217.462,228.752,225.142,220.824,217.176,212.898,206.948,197.598,196.61,192.806,183.178,185.642,146.674,142.008
03.09.2021,144.104,144.664,143.562,145.276,149.748,150.562,175.108,188.318,201.058,209.986,215.458,213.974,221.564,221.656,218.158,207.166,199.94,191.386,189.5,186.584,181.574,175.924,147.102,143.688
04.09.2021,143.428,147.27,146.906,139.476,140.574,163.616,169.268,168.244,170.514,178.638,178.712,180.216,185.12,186.714,186.508,182.514,183.656,179.526,171.69,170.404,141.348,134.184,132.244,134.464
05.09.2021,131.75,132.274,134.556,132.904,137,135.436,132.568,133.244,135.15,138.978,143.378,146.71,145.01,142.576,144.136,141.19,140.83,144.03,143.752,139.672,137.044,133.14,134.634,135.686
06.09.2021,135.64,134.81,136.346,164.182,166.796,165.166,165.686,177.13,190.524,203.196,216.588,225.67,223.378,218.356,208.926,205.344,197.346,187.262,188.69,184.238,177.962,177.876,143.204,138.276
07.09.2021,140.206,136.676,137.56,139.29,141.408,142.97,169.066,181.704,204.382,215.39,216.866,214.312,222.702,219.88,209.618,206.444,203.094,191.12,179.594,178.606,175.534,168.476,134.958,129.972
08.09.2021,130.28,128.154,128.634,129.478,137.5,132.816,162.382,179.078,190.032,209.308,199.772,207.286,200.292,208.848,206.138,200.332,196.342,192.634,181.692,174.934,170.728,172.698,143.288,135.362
09.09.2021,135.814,137.88,134.588,133.706,134.948,136.216,161.056,176.456,189.05,196.838,210.81,211.736,209.472,215.144,213.382,207.58,206.544,201.644,199.978,189.294,178.032,172.83,145.932,138
10.09.2021,132.376,132.966,133.618,133.934,136.128,138.532,155.316,167.682,186.81,190.872,195.084,201.816,198.054,198.518,201.702,212.272,206.688,204.322,195.052,183.83,175.226,169.076,139.61,135.448
11.09.2021,133.85,132.826,131.254,140.344,142.668,161.42,164.938,162.2,166.858,172.914,171.02,176.086,176.234,181.252,184.048,187.674,184.768,177.59,174.784,169,142.54,139.254,137.162,136.5
12.09.2021,136.758,137.52,136.95,135.334,131.952,131.756,130.372,129.564,132.528,132.88,132.21,129.408,130.56,131.288,129.92,132.312,133.276,129.108,128.346,133.366,134.444,132.636,134.168,131.742
13.09.2021,131.924,132.198,130.394,158.81,167.668,167.348,166.22,170.55,186.238,200.32,211.974,214.788,213,216.24,213.074,209.988,195.89,190.606,186.896,183.446,197.684,186.454,151.814,145.45
14.09.2021,146.132,147.136,144.028,144.01,138.776,136.36,159.498,176.718,194.29,214.734,227.996,220.154,216.748,221.182,221.206,224.374,199.61,190.526,189.72,194.6,185.984,178.962,151.986,143.976
15.09.2021,137.51,138.104,136.594,132.074,138.012,141.38,165.744,181.422,196.66,214.606,226.036,220.322,222.722,224.558,214.36,212.11,195,183.626,182.854,192.838,187.522,176.648,138.88,134.094
16.09.2021,132.474,134.022,136.062,133.092,129.584,132.802,156.834,164.624,185.702,199.496,215.96,228.128,219.094,216.248,212.712,208.258,198.932,198,188.146,186.708,188.172,177.32,139.876,131.528
17.09.2021,132.36,133.58,133.108,131.016,134.13,138.002,162.228,170.736,188.596,194.328,201.41,207.638,216.348,215.344,210.826,208.578,205.494,198.124,195.766,187.128,191.374,183.238,143.52,140.482
18.09.2021,137.488,137.286,139.45,137.432,139.68,164.37,165.676,165.426,167.364,174.232,174.932,182.098,184.706,178.48,179.95,177.776,176.282,173.166,174.002,168.546,137.658,136.316,130.526,130.446
19.09.2021,132.328,129.334,130.838,132.99,136.094,135.23,135.524,132.862,130.534,131.066,131.824,131.076,137.864,133.682,135.7,136.69,139.714,139.212,139.334,135.918,144.986,135.052,134.46,135.572
20.09.2021,133.512,135.152,136.254,161.562,163.894,164.146,165.274,174.76,190.534,204.174,209.282,212.332,214.164,213.03,212.556,211.306,200.638,192.31,185.202,186.98,182.698,179.31,148.218,140.838
21.09.2021,140.282,140.252,140.452,139.74,142.59,146.728,170.344,183.644,200.95,211.814,216.614,226.672,222.534,230.462,231.058,225.66,209.42,199.162,192.456,183.422,180.978,175.618,143.894,138.408
22.09.2021,136.942,136.958,137.062,137.076,138.352,138.814,163.684,182.854,202.55,219.626,221.982,228.606,207.904,217.51,206.014,201.494,194.294,188.354,184.62,182.796,180.368,174.254,140.404,136.018
23.09.2021,139.558,135.412,137.15,138.908,139.848,164.516,172.81,176.892,201.754,213.23,222.586,214.798,209.298,209.212,211.61,212.538,205.794,193.732,187.286,189.282,184.642,181.664,155.716,148.694
24.09.2021,147.544,148.592,147.97,149.902,140.71,166.972,170.382,182.88,197.926,206.65,222.964,222.956,217.042,215.634,205.978,198.05,190.874,183.616,187.01,183.478,180.47,173.364,140.88,139.876
25.09.2021,142.854,139.638,136.144,133.1,135.574,161.064,172.328,170.372,174.126,184.636,181.29,182.62,179.492,175.106,175.664,176.992,175.452,173.244,161.69,148.816,142.402,141.864,139.094,140.898
26.09.2021,137.152,134.234,134.07,134.568,133.788,136.176,142.35,139.098,140.364,141.482,143.838,145.178,143.428,141.854,142.094,138.512,136.964,137.738,145.72,141.87,134.808,132.326,132.138,130.222
27.09.2021,132.262,132.234,134.956,162.45,167.056,168.034,167.2,179,198.86,213.464,215.856,223.364,230.824,223.314,221.59,216.1,204.964,197.186,196.022,189.204,191.524,184.324,146.718,141.636
28.09.2021,139.384,140.194,135.576,136.356,136.054,162.05,168.998,173.592,192.948,207.736,215.292,212,226.402,211.778,210.79,209.344,196.234,186.388,192.46,191.098,184.094,178.694,148.89,137.78
29.09.2021,137.28,137.57,136.034,135.208,136.186,159.542,166.216,178.632,198.272,217.77,225.39,224.432,219.072,221.382,218.94,211.242,205.546,196.59,189.992,186.36,183.708,174.902,145.268,138.938
30.09.2021,136.488,138.264,139.798,137.498,136.656,136.224,136.63,169.592,197.42,212.848,226.692,224.368,221.674,222.866,222.288,211.784,201.866,190.29,183.358,178.938,175.862,169.914,138.94,132.06
01.10.2021,133.9,130.972,130.81,134.286,132.176,131.062,133.196,162.934,182.558,196.416,209.724,214.272,215.54,207.67,206.912,207.854,198.242,185.59,180.202,179.93,175.78,172.016,142.77,134.17
02.10.2021,136.604,136.454,134.744,136.006,133.664,133.42,135.422,134.708,137.602,159.358,167.366,172.592,180.514,181.818,178.962,177.952,179.024,178.598,142.836,134.638,136.324,133.948,134.836,135.166
03.10.2021,133.784,135.808,132.978,132.504,134.896,131.62,131.82,130.86,128.99,132.114,137.138,146.078,137.858,141.33,139.364,139.722,139.578,138.62,138.094,137.214,145.222,143.62,141.848,138.968
04.10.2021,136.146,133.144,133.592,131.442,132.258,132.002,131.326,162.2,181.964,194.994,213.102,222.934,214.488,216.39,198.058,202.7,190.002,181.308,182.65,178.508,177.252,175.778,143.336,137.702
05.10.2021,144.686,139.236,142.446,138.336,137.664,131.646,136.18,170.256,192.852,209.898,210.406,220.076,221.128,224.974,214.64,209.416,200.394,192.206,183.87,184.334,181.784,183.108,149.916,138.79
06.10.2021,137.14,138.052,135.924,133.438,133.528,131.148,133.182,170.824,195.508,195.694,202.862,228.252,217.898,213.828,213.868,210.126,200.012,192.628,193.322,189.52,188.914,185.128,149.094,141.502
07.10.2021,137.374,139.308,137.164,136.134,136.714,133.304,135,173.464,196.024,208.712,215.164,219.794,220.696,219.356,212.064,204.606,194.97,191.59,198.12,195.996,186.61,178.988,150.404,146.184
08.10.2021,145.31,145.732,148.022,148.132,146.856,148.63,148.768,186.538,207.05,216.802,216.922,215.402,210.784,216.474,220.046,212.274,208.016,197.792,192.352,186.5,182.558,179.574,146.214,142.57
09.10.2021,141.86,144.946,144.028,144.326,146.512,145.46,144.838,145.576,148.144,177.124,186.99,185.606,188.104,192.526,194.538,195.654,186.01,184.5,151.842,144.128,145.456,144.042,141.326,142.464
10.10.2021,140.054,138.698,139.314,139.818,138.212,138.174,139.176,136.922,134.944,135.86,135.428,136.554,142.214,145.304,147.148,148.978,144.6,145.166,152.294,150.428,139.63,139.266,139.914,138.946
11.10.2021,139.77,141.046,140.99,143.348,145.958,143.098,142.42,177.422,198.176,209.54,214.016,218.614,226.272,229.282,219.002,212.77,203.702,196.472,193.646,192.236,187.956,184.724,152.974,147.82
12.10.2021,149.304,148.464,148.88,150.104,148.49,147.492,149.066,180.46,206.986,219.778,223.418,225.068,218.286,217.944,216.62,219.7,204.11,195.544,193.106,187.982,185.28,181.8,151.332,145.832
13.10.2021,148.426,146.272,147.826,150.094,147.6,147.734,150.434,181.96,204.222,217.384,220.678,219.31,214.132,219.474,220.506,219.102,206.058,196.262,192.208,192.84,186.166,179.644,150.108,143.866
14.10.2021,143.738,144.854,143.518,143.84,143.076,144.452,145.56,177.53,195.586,207.104,219.732,222.492,222.7,215.428,218.312,212.344,206.696,199.048,188.212,186.014,186.388,185.044,154.376,149.546
15.10.2021,150.05,148.446,149.196,149.82,149.724,149.17,150.3,178.086,194.004,208.196,213.696,213.62,215.732,217.598,211.456,208.428,203.062,196.588,189.476,187.32,185.946,179.262,148.628,145.61
16.10.2021,143.844,145.292,146.856,145.794,145.286,146.142,147.464,146.486,147.602,176.714,185.728,185.2,187.846,185.568,186.864,187.132,181.982,179.448,148.874,143.906,146.55,144.786,145.88,145.694
17.10.2021,144.954,145.176,143.576,144.572,145.34,145.494,145.438,145.308,143.11,142.256,143.778,143.592,143.668,144.622,145.874,143.076,142.738,145.856,144.602,144.01,145.946,144.538,144.554,144.578
18.10.2021,146.104,145.43,145.422,146.752,145.586,146.324,148.514,181.256,199.15,210.716,222.262,220.302,217.54,211.076,205.724,207.334,200.412,195.278,194.588,193.594,189.214,185.176,154.838,147.574
19.10.2021,146.904,147.384,147.834,146.884,148.904,149.404,149.8,182.05,202.294,215.596,223.404,221.22,217.292,221.39,219.524,214.03,208.428,201.698,193.87,191.246,189.516,185.09,154.026,151.15
20.10.2021,149.664,150.366,151.598,149.366,148.782,148.504,149.036,181.11,205.78,212.65,214.544,218.136,212.768,221.382,219.344,218.338,212.108,208.554,196.118,192.89,194.248,186.642,157.552,155.322
21.10.2021,151.716,150.034,151.962,150.526,151.406,149.564,151.71,176.466,198.392,203.752,207,211.782,210.756,210.144,210.024,210.84,197.096,193.496,191.036,185.206,180.898,176.79,146.198,141.552
22.10.2021,142.446,140.468,141.236,142.218,140.928,141.264,142.896,171.766,186.022,195.818,203.154,207.036,204.132,208.45,205.198,193.704,189.61,174.234,172.886,176.266,177.254,175.686,148.634,144.576
23.10.2021,145.402,143.926,146.316,145.466,145.674,147.126,146.256,146.684,151.724,170.1,180.804,181.758,178.474,176.39,178.01,174.846,174.326,173.45,145.744,143.164,144.768,147.768,142.994,143.764
24.10.2021,145.258,142.724,143.922,146.39,145.632,146.078,146.072,143.628,142.912,143.254,140.506,139.95,140.83,138.262,137.432,140.62,138.316,138.598,139.132,140.09,141.436,143.18,142.504,140.812
25.10.2021,142.822,141.788,141.962,142,142.928,143.756,144.126,173.182,193.662,202.134,207.04,204.966,211.794,212.754,205.73,200.78,199.826,185.74,182.01,184.724,184.324,182.762,155.382,150.416
26.10.2021,150.634,150.666,149.446,149.354,149.456,150.942,152.082,180.734,200.478,210.138,221.288,219.912,221.222,218.178,215.704,208.988,203.546,187.058,180.794,180.352,182.458,179.628,150.376,146.436
27.10.2021,146.464,145.542,145.656,144.712,146.398,147.042,146.812,175.954,192.376,185.272,188.94,189.96,183.678,181.432,175.006,178.076,178.944,167.91,155.924,155.792,156.092,156.818,159.982,159.362
28.10.2021,157.176,157.73,157.09,156.214,158.17,156.828,157.054,172.744,179.258,191.74,195.946,196.362,197.864,195.606,184.5,195.044,188.572,176.86,160.696,155.274,157.04,154.686,147.008,148.156
29.10.2021,147.482,149.836,148.532,144.594,140.214,138.112,141.678,155.194,163.298,172.414,182.632,183.504,187.702,185.018,186.6,183.42,183.524,170.772,153.408,150.406,150.078,148.136,144.548,142.964
30.10.2021,142.26,143.18,140.94,142.054,143.236,141.504,143.076,144.184,146.162,148.088,150.61,152.052,150.706,154.548,159.132,157.052,155.992,153.164,142.594,140.41,144.95,144.166,143.516,144.578
31.10.2021,143.622,143.51,145.42,285.774,144.676,143.032,142.254,140.464,139.794,139.24,140.928,142.39,141.236,148.784,148.942,150.466,144.948,144.65,143.1,142.666,146.15,143.888,142.188,143.482
01.11.2021,141.998,144.132,144.566,141.976,140.798,141.902,155.16,157.78,175.294,157.516,163.14,188.546,190.744,189.312,187.818,182.822,182.87,157.212,150.6,151.09,151.704,151.544,147.502,145.506
02.11.2021,146.562,145.724,144.358,145.716,144.746,144.81,160.154,159.214,174.276,179.66,184.65,188.12,188.03,185.726,184.542,180.56,170.944,146.416,141.836,141.208,143.188,143.752,138.704,138.578
03.11.2021,140.342,140.644,140.142,139.836,140.634,139.506,154.53,158.402,177.544,196.342,203.066,204.412,197.616,201.132,199.776,193.136,183.396,157.424,152.364,153.328,153.086,152.056,150.45,149.85
04.11.2021,150.05,149.794,151.876,151.282,150.566,152.404,163.312,168.95,187.304,195.836,194.578,207.458,204.642,207.228,201.928,189.624,185.994,160.322,150.276,149.47,149.636,148.322,147.554,149.144
05.11.2021,146.396,145.812,148.034,146.786,147.772,145.734,160.728,156.834,179.462,190.932,195.76,204.274,206.864,201.77,198.462,196.27,184.342,157.692,151.146,148.434,148.494,151.522,146.424,149.37
06.11.2021,148.9,147.648,147.268,146.44,149.35,146.978,147.408,149.9,148.224,148.252,151.906,149.7,145.49,149.222,149.082,149.318,152.994,150.634,149.722,156.842,156.574,157.77,158.57,151.944
07.11.2021,150.304,151.892,149.172,149.118,147.92,149.554,147.238,145.52,144.65,142.864,141.868,144.726,141.91,142.53,142.37,143.622,143.06,147.946,146.988,149.864,150.792,148.188,147.922,149.97
08.11.2021,149.854,149.51,148.594,151.638,152.226,151.882,164.588,170.752,185.338,197.502,205.542,208.624,204.3,205.028,199.262,192.716,191.186,167.628,160.254,155.748,156.748,156.332,153.662,151.876
09.11.2021,152.694,150.702,151.714,151.678,153.244,152.526,166.846,171.244,186.832,195.612,197.284,202.524,199.086,195.022,189.904,191.458,191.044,164.824,156.398,154.596,154.818,152.756,157.654,159.402
10.11.2021,154.924,151.808,150.786,150.39,150.146,151.886,163.5,170.324,187.736,200.576,207.814,207.226,204.226,205.352,208.224,208.95,194.954,163.446,152.818,151.946,152.588,153.526,149.54,149.024
11.11.2021,147.938,151.94,148.248,146.65,149.178,147.56,163.61,165.522,180.064,185.86,187.214,189.39,190.544,193.592,190.72,187.738,182.922,157.018,149.868,146.874,146.272,144.222,143.152,145.564
12.11.2021,143.044,143.356,146.696,143.78,144.744,145.648,157.718,162.238,163.254,164.724,161.748,160.282,161.082,157.672,158.612,156.822,151.016,137.392,134.428,134.2,133.53,132.136,133.844,133.44
13.11.2021,135.144,134.274,133.304,134.094,134.558,134.112,136.478,142.008,150.588,153.472,157.002,157.37,154.584,158.372,160.718,158.426,148.068,140.844,139.186,128.234,129.264,128.084,127.824,126.494
14.11.2021,126.466,123.296,64.966,65.222,64.398,63.988,93.61,144.772,138.65,126.466,122.81,114.342,114,113.138,113.402,110.974,113.934,115.966,117.762,118.3,118.352,117.812,116.338,115.604
15.11.2021,116.156,115.746,115.938,116.288,116.606,116.956,129.916,140.948,155.144,162.464,169.994,171.568,171.878,173.778,168.236,163.064,159.042,140.758,137.572,134.958,131.516,130.596,129.522,129.19
16.11.2021,128.534,128.638,128.006,129.09,127.784,127.7,140.84,149.888,167.732,170.326,180.9,180.04,178.802,178.672,175.048,170.41,160.334,149.524,141.546,141.34,136.308,132.138,129.874,127.918
17.11.2021,129.086,127.59,128.018,127.364,127.494,127.026,145.824,147.59,157.186,157.13,161.658,163.23,161.574,162.948,157.572,151.444,147.508,132.906,127.356,127.258,127.026,126.37,126.612,125.632
18.11.2021,126.618,126.544,125.73,125.378,125.822,126.642,143.842,139.912,139.15,140.416,138.34,139.044,139.202,139.844,136.674,138.136,140.108,127.418,124.244,124.812,124.714,124.764,126.806,126.154
19.11.2021,126.444,125.998,124.124,124.146,123.342,123.414,136.44,138.71,136.838,140.072,138.084,139.466,136.196,139.276,136.708,137.672,138.14,126.568,126.574,125.494,125.17,124.96,124.706,124.004
20.11.2021,124.052,124.384,126.64,127.002,127.19,125.67,125.988,126.042,129.916,135.156,142.214,142.382,136.886,134.788,132.222,127.318,127.396,126.962,122.588,120.684,121.294,121.25,122.052,120.998
21.11.2021,120.384,119.932,119.892,121.318,121.29,121.696,121.686,121.238,121.34,120.822,120.736,121.578,118.924,119.01,118.46,119.048,120.326,121.844,121.932,122.476,122.538,123.3,122.494,124.986
22.11.2021,124.04,126.29,128.412,127.48,128.656,127.778,141.874,151.21,161.58,168.476,175.662,180.194,174.918,177.13,173.3,171.902,168.078,152.06,141.284,138.742,136.834,133.878,131.976,131.85
23.11.2021,131.59,131.192,130.486,130.546,131.13,130.474,144.466,155.536,168.496,179.372,183.478,181.754,179.242,184.048,175.856,178.378,174.792,152.702,143.746,140.15,136.498,135.114,132.72,133.004
24.11.2021,132.302,134.848,136.516,135.996,135.9,135.172,153.182,161.36,176.134,181.952,180.746,179.582,179.802,179.676,175.484,172.292,171.388,156.332,153.204,146.312,143.182,141.08,137.938,137.636
25.11.2021,137.916,137.68,137.768,137.786,137.85,137.54,164.03,163.2,182.84,208.416,213.968,211.648,209.846,215.558,212.638,210.048,207.592,181.246,170.1,163.674,158.998,155.222,150.354,150.478
26.11.2021,148.656,148.674,148.508,147.76,147.752,146.35,161.554,167.474,179.136,190.952,194.2,199.662,200.424,207.758,207.194,203.77,196.994,172.906,163.288,160.716,155.816,149.348,143.74,143.716
27.11.2021,143.822,144.336,143.526,143.626,144.236,144.106,144.662,148.234,149.85,155.004,153.918,154.92,155.7,154.872,151.394,151.77,154.906,151.294,146.888,146.712,145.48,145.522,143.616,143.206
28.11.2021,142.68,140.806,141.892,141.238,141.32,141.518,141.432,141.19,140.028,139.154,139.434,139.284,140.11,138.688,139.574,139.71,141.61,141.27,140.476,139.962,141.114,140.11,141.954,142.75
29.11.2021,142.596,143.254,142.55,142.394,143.886,142.756,157.688,167.824,182.82,202.468,207.45,209.686,208.038,213.014,207.112,204.144,205.638,180.766,173.852,169.086,166.37,157.112,152.024,150.876
30.11.2021,150.444,147.98,148.322,148.358,147.91,148.94,162.528,170.862,178.734,193.664,211.656,210.328,203.202,206.878,207.552,208.312,203.084,175.546,163.884,159.178,152.584,145.852,141.878,149.094
01.12.2021,147.29,146.326,146.13,146.43,146.908,146.438,161.23,167.69,182.396,197.818,201.506,199.962,202.17,199.188,200.78,200.444,197.568,184.592,172.35,168.174,162.48,155.238,151.162,150.842
02.12.2021,147.698,148.522,148.786,150.92,148.942,149.756,163.008,171.678,187.956,205.476,217.992,224.452,225.246,227.548,228.178,221.19,212.572,189.056,182.32,175.416,168.708,160.246,155.87,153.15
03.12.2021,154.742,154.624,155.952,155.2,156.182,155.198,173.258,176.9,190.588,200.034,210.998,218.096,222.914,220.652,216.58,208.678,204.556,196.736,185.876,180.6,175.534,158.346,151.518,152.426
04.12.2021,152.358,152.81,152.114,152.64,152.958,154.43,153.876,165.912,169.888,173.976,171.866,170.812,170.868,171.822,174.172,175.606,177.398,162.012,157.424,154.632,156.06,154.676,153.974,151.718
05.12.2021,153.088,151.668,152.536,151.258,153.662,151.608,154.974,153.838,154.11,152.816,153.394,152.03,154.538,155.674,156.33,156.316,161.038,161.694,160.792,159.962,161.012,160.978,161.818,161.938
06.12.2021,161.152,162.322,160.298,159.794,160.904,160.474,172.616,183.354,199.908,214.042,221.772,224.936,225.958,230.248,220.346,220.5,220.72,213.65,204.754,193.312,185.924,172.406,163.846,162.926
07.12.2021,164.78,163.362,162.892,162.194,163.816,163.292,172.146,185.224,198.408,213.334,230.822,231.9,223.684,226.346,219.096,222.786,221.316,211.094,200.732,194.8,187.238,173.01,165.872,163.636
08.12.2021,163.1,163.904,161.364,163.578,166.826,165.77,175.478,189.502,210.688,219.034,224.17,224.97,230.124,228.584,226.72,232.238,235.376,214.578,202.14,198.998,190.972,176.014,165.412,165.104
09.12.2021,163.998,163.03,163.824,163.284,163.758,165.11,173.046,186.822,211.128,227.012,236.956,244.474,237.124,234.11,245.298,239.528,236.686,206.518,202.782,195.326,190.564,176.66,168.216,164.99
10.12.2021,166.28,164.84,165.712,164.882,165.408,167.096,177.128,186.266,207.824,217.41,229.46,228.044,222.748,224.674,224.246,220.524,218.666,202.262,193.35,188.596,179.844,165.296,159.836,157.75
11.12.2021,157.342,159.574,157.306,156.578,157.506,157.95,158.076,166.05,171.606,173.574,177.136,183.674,182.216,178.194,180.908,179.308,178.48,166.614,159.912,157.764,158.996,156.37,154.61,156.656
12.12.2021,155.446,156.002,157.644,156.344,155.806,157.374,157.218,156.024,158.476,157.734,156.308,154.644,155.262,153.356,154.352,157.298,158.528,158.854,160.146,158.022,159.45,162.876,160.442,157.47
13.12.2021,157.246,156.824,156.674,158.078,156.496,157.544,167.97,177.126,189.858,208.29,213.918,214.966,209.288,213.15,230.272,227.148,221.02,201.824,190.166,184.666,180.28,167.856,161.71,160.12
14.12.2021,159.534,160.506,158.412,158.8,159.742,158.858,166.04,178.076,191.74,205.87,218.656,222.946,220.734,227.696,227.668,225.684,221.476,201.618,188.74,182.526,175.99,162.812,158.546,154.708
15.12.2021,154.98,155.658,154.758,154.346,155.43,154.286,162.942,172.422,190.306,203.096,211.936,214.274,215.688,213.752,214.644,213.944,212.086,198.838,192.544,185.698,175.936,160.804,154.696,152.16
16.12.2021,152.042,153.262,151.194,150.598,152.17,150.828,160.822,168.424,190.254,209.784,211.148,213.912,209.952,208.958,204.668,208.964,205.948,193.136,185.868,180.26,175.696,161.88,153.67,151.772
17.12.2021,150.896,153.26,151.382,152.61,152.852,153.248,170.928,173.628,180.93,198.418,207.282,202.014,204.518,201.304,200.308,205.51,200.002,192.668,182.056,177.69,173.604,161.182,157.352,155.046
18.12.2021,154.26,155.416,154.098,153.532,155.14,154.196,154.606,166.156,166.644,168.626,174.152,177.36,182.684,179.162,176.362,178.592,176.1,162.258,156.006,153.84,154.396,153.752,151.064,151.05
19.12.2021,152.052,151.986,151.18,153.27,152.624,152.256,152.818,154.18,151.932,151.81,153.442,152.49,150.982,154.366,153.054,154.762,155.936,155.834,155.696,155.132,153.968,153.77,154.6,153.262
20.12.2021,153.304,155.216,154.262,155.48,155.812,157.102,167.314,184.354,194.446,207.432,213.868,220.768,219.542,218.706,218.752,217.454,218.366,209.25,205.652,197.404,187.116,168.594,161.156,161.46
21.12.2021,159.83,160.312,161.51,159.294,160.068,159.444,173.482,189.806,193.09,212.674,225.858,231.448,237.588,231.028,231.804,235.584,231.222,213.526,206.49,203.554,195.804,173.44,166.71,164.652
22.12.2021,164.864,166.014,164.242,163.432,164.514,162.922,174.684,190.858,198.752,215.876,217.038,218.418,217.288,209.886,204.806,207.03,203.396,191.25,183.418,179.228,177.668,162.204,151.596,152.922
23.12.2021,152.486,153.354,153.16,154.16,153.312,155.238,166.564,179.556,194.92,204.628,203.36,207.534,204.544,199.386,180.468,179.926,176.622,171.228,169.89,168.568,166.688,152.836,148.306,148.064
24.12.2021,146.704,147.344,148.738,147.372,147.744,150.084,158.39,159.084,152.954,150.66,149.148,151.892,149.26,148.904,150.458,152.95,155.568,155.688,155.004,153.868,153.826,151.18,146.834,147.32
25.12.2021,152.012,150.296,150.17,151.108,150.794,151.616,153.71,152.592,152.99,157.104,152.448,152.878,153.666,151.584,151.25,154.506,156.918,155.76,152.312,152.604,151.188,149.584,145.92,143.596
26.12.2021,141.854,142.154,140.74,140.598,142.486,143.824,144.606,146.304,143.89,142.862,144.672,142.844,141.334,140.38,141.622,141.534,144.49,146.182,144.504,145.112,146.016,144.52,144.674,144.792
27.12.2021,143.928,143.796,146.156,144.206,143.334,145.376,157.032,170.52,182.256,187.612,201.572,204.702,203.39,200.756,200.72,197.28,191.816,181.722,174.778,169.676,167.65,152.12,147.438,148.096
28.12.2021,146.756,146.724,147.972,148.138,148.8,149.292,163.29,178.996,185.89,204.974,213.614,215.882,210.03,203.306,203.454,202.334,201.448,191.146,184.794,181.532,177.152,165.75,157.276,157.212
29.12.2021,156.584,155.832,155.044,154.802,155.728,154.596,167.188,180.472,188.41,198.898,206.252,205.606,204.96,209.354,203.956,203.844,205.768,195.276,190.64,187.564,184.118,174.944,163.788,157.552
30.12.2021,156.196,157.184,155.706,156.56,156.52,155.302,168.838,182.114,189.334,201.458,208.68,219.25,213.248,209.548,192.332,186.066,185.078,182.42,178.076,175.78,173.68,161.046,156.968,155.84
31.12.2021,156.486,157.33,154.858,153.884,155.028,154.328,170.466,172.294,159.196,157.59,155.566,157.908,155.862,155.598,155.838,157.008,160.218,159.076,158.432,159.188,158.324,153.474,151.244,152.542
